locus	chr	start	stop	status
1	1	10539	1376204	OK
2	1	1376205	2215495	OK
3	1	2215496	2983519	OK
4	1	2983520	3582047	OK
5	1	3582048	4281476	OK
6	1	4281477	4773403	OK
7	1	4773404	5362404	OK
8	1	5362405	6136814	OK
9	1	6136815	7711794	OK
10	1	7711795	8580987	OK
11	1	8580988	9475966	OK
12	1	9475967	10753427	OK
13	1	10753428	11709173	OK
14	1	11709174	13481025	OK
15	1	13481026	14720131	OK
16	1	14720132	15755230	OK
17	1	15755231	16732168	OK
18	1	16732169	17557746	OK
19	1	17557747	18427820	OK
20	1	18427821	19238924	OK
21	1	19238925	20556202	OK
22	1	20556203	21416121	OK
23	1	21416122	22145629	OK
24	1	22145630	22740287	OK
25	1	22740288	23907045	OK
26	1	23907046	25885138	OK
27	1	25885139	27992665	OK
28	1	27992666	29188426	OK
29	1	29188427	30405182	OK
30	1	30405183	31639217	OK
31	1	31639218	33066846	OK
32	1	33066847	34371022	OK
33	1	34371023	35201626	OK
34	1	35201627	36855139	OK
35	1	36855140	38474036	OK
36	1	38474037	40200950	OK
37	1	40200951	41093875	OK
38	1	41093876	41977966	OK
39	1	41977967	43512669	OK
40	1	43512670	45167235	OK
41	1	45167236	47257261	OK
42	1	47257262	48105233	OK
43	1	48105234	49185414	OK
44	1	49185415	51777577	OK
45	1	51777578	53114186	OK
46	1	53114187	54771293	OK
47	1	54771294	55727134	OK
48	1	55727135	56799636	OK
49	1	56799637	57529670	OK
50	1	57529671	58387483	OK
51	1	58387484	59889045	OK
52	1	59889046	61377615	OK
53	1	61377616	62778733	OK
54	1	62778734	64344226	OK
55	1	64344227	65894184	OK
56	1	65894185	66778015	OK
57	1	66778016	67761890	OK
58	1	67761891	68633860	OK
59	1	68633861	69438909	OK
60	1	69438910	70992905	OK
61	1	70992906	72513119	OK
62	1	72513120	73992170	OK
63	1	73992171	75132092	OK
64	1	75132093	76097247	OK
65	1	76097248	76977915	OK
66	1	76977916	77895394	OK
67	1	77895395	79065286	OK
68	1	79065287	80099353	OK
69	1	80099354	80781442	OK
70	1	80781443	82123368	OK
71	1	82123369	83461215	OK
72	1	83461216	84728347	OK
73	1	84728348	86017267	OK
74	1	86017268	86761554	OK
75	1	86761555	87667572	OK
76	1	87667573	88656689	OK
77	1	88656690	89753964	OK
78	1	89753965	90941549	OK
79	1	90941550	91870059	OK
80	1	91870060	92904465	OK
81	1	92904466	94168576	OK
82	1	94168577	95122541	OK
83	1	95122542	96147576	OK
84	1	96147577	97721186	OK
85	1	97721187	99425000	OK
86	1	99425001	100269207	OK
87	1	100269208	101188315	OK
88	1	101188316	102424611	OK
89	1	102424612	103148412	OK
90	1	103148413	103784541	OK
91	1	103784542	104984435	OK
92	1	104984436	106089656	OK
93	1	106089657	106864947	OK
94	1	106864948	107874653	OK
95	1	107874654	109271449	OK
96	1	109271450	110224230	OK
97	1	110224231	111134062	OK
98	1	111134063	112489248	OK
99	1	112489249	113418037	OK
100	1	113418038	114664387	OK
101	1	114664388	116207297	OK
102	1	116207298	117046311	OK
103	1	117046312	118118667	OK
104	1	118118668	119408888	OK
105	1	119408889	120345066	OK
106	1	120345067	145803848	OK
107	1	145803849	147083835	OK
108	1	147083836	149716037	OK
109	1	149716038	151146407	OK
110	1	151146408	152535630	OK
111	1	152535631	153410809	OK
112	1	153410810	154685545	OK
113	1	154685546	156813845	OK
114	1	156813846	158081627	OK
115	1	158081628	158900369	OK
116	1	158900370	159882515	OK
117	1	159882516	161054076	OK
118	1	161054077	161945442	OK
119	1	161945443	163141862	OK
120	1	163141863	163854567	OK
121	1	163854568	164726579	OK
122	1	164726580	165553812	OK
123	1	165553813	166458031	OK
124	1	166458032	167163954	OK
125	1	167163955	168179086	OK
126	1	168179087	169521551	OK
127	1	169521552	170193207	OK
128	1	170193208	171044255	OK
129	1	171044256	172465153	OK
130	1	172465154	173582511	OK
131	1	173582512	175385220	OK
132	1	175385221	176449096	OK
133	1	176449097	177746472	OK
134	1	177746473	178915113	OK
135	1	178915114	180221608	OK
136	1	180221609	181324205	OK
137	1	181324206	182420540	OK
138	1	182420541	183920616	OK
139	1	183920617	184953089	OK
140	1	184953090	186179447	OK
141	1	186179448	187072605	OK
142	1	187072606	187757076	OK
143	1	187757077	188625772	OK
144	1	188625773	189904637	OK
145	1	189904638	191419275	OK
146	1	191419276	192468373	OK
147	1	192468374	193575516	OK
148	1	193575517	194365688	OK
149	1	194365689	195161235	OK
150	1	195161236	196179110	OK
151	1	196179111	197935821	OK
152	1	197935822	199263389	OK
153	1	199263390	200134005	OK
154	1	200134006	201067952	OK
155	1	201067953	202583884	OK
156	1	202583885	204092537	OK
157	1	204092538	205009623	OK
158	1	205009624	205917548	OK
159	1	205917549	208162951	OK
160	1	208162952	209711169	OK
161	1	209711170	211082892	OK
162	1	211082893	212347582	OK
163	1	212347583	213958292	OK
164	1	213958293	214783872	OK
165	1	214783873	215825791	OK
166	1	215825792	216658126	OK
167	1	216658127	217352165	OK
168	1	217352166	218563960	OK
169	1	218563961	220073132	OK
170	1	220073133	220978151	OK
171	1	220978152	221856864	OK
172	1	221856865	222763597	OK
173	1	222763598	223654902	OK
174	1	223654903	224943337	OK
175	1	224943338	226534711	OK
176	1	226534712	228045554	OK
177	1	228045555	229075156	OK
178	1	229075157	230227247	OK
179	1	230227248	231287764	OK
180	1	231287765	232177704	OK
181	1	232177705	232954942	OK
182	1	232954943	233639473	OK
183	1	233639474	234365796	OK
184	1	234365797	235097113	OK
185	1	235097114	236199671	OK
186	1	236199672	237409458	OK
187	1	237409459	238094455	OK
188	1	238094456	238704857	OK
189	1	238704858	239332148	OK
190	1	239332149	240248508	OK
191	1	240248509	241033584	OK
192	1	241033585	241813534	OK
193	1	241813535	242417923	OK
194	1	242417924	243048003	OK
195	1	243048004	244723196	OK
196	1	244723197	245970505	OK
197	1	245970506	246610290	OK
198	1	246610291	247531112	OK
199	1	247531113	248341594	OK
200	1	248341595	249240538	OK
201	2	10181	789195	OK
202	2	789196	1376545	OK
203	2	1376546	1875060	OK
204	2	1875061	2680063	OK
205	2	2680064	3314202	OK
206	2	3314203	4016104	OK
207	2	4016105	4766969	OK
208	2	4766970	5568653	OK
209	2	5568654	6306606	OK
210	2	6306607	7108208	OK
211	2	7108209	7966709	OK
212	2	7966710	8978798	OK
213	2	8978799	9960670	OK
214	2	9960671	10611654	OK
215	2	10611655	11230349	OK
216	2	11230350	11995765	OK
217	2	11995766	12732506	OK
218	2	12732507	13625450	OK
219	2	13625451	14692120	OK
220	2	14692121	15721703	OK
221	2	15721704	17241115	OK
222	2	17241116	18656325	OK
223	2	18656326	20064517	OK
224	2	20064518	21084898	OK
225	2	21084899	22429640	OK
226	2	22429641	23538527	OK
227	2	23538528	24669224	OK
228	2	24669225	25895394	OK
229	2	25895395	26894102	OK
230	2	26894103	28819510	OK
231	2	28819511	29627932	OK
232	2	29627933	30575619	OK
233	2	30575620	31457418	OK
234	2	31457419	33123604	OK
235	2	33123605	33735318	OK
236	2	33735319	34239776	OK
237	2	34239777	34890558	OK
238	2	34890559	35609257	OK
239	2	35609258	36120743	OK
240	2	36120744	36867389	OK
241	2	36867390	37603360	OK
242	2	37603361	38887393	OK
243	2	38887394	40087418	OK
244	2	40087419	40786176	OK
245	2	40786177	41540439	OK
246	2	41540440	42307418	OK
247	2	42307419	43295776	OK
248	2	43295777	44104110	OK
249	2	44104111	45189468	OK
250	2	45189469	45850047	OK
251	2	45850048	46499326	OK
252	2	46499327	47320114	OK
253	2	47320115	48171058	OK
254	2	48171059	49114132	OK
255	2	49114133	49849185	OK
256	2	49849186	50756240	OK
257	2	50756241	51669493	OK
258	2	51669494	52494111	OK
259	2	52494112	53032976	OK
260	2	53032977	53852120	OK
261	2	53852121	54688234	OK
262	2	54688235	55663336	OK
263	2	55663337	56394698	OK
264	2	56394699	57433653	OK
265	2	57433654	57952945	OK
266	2	57952946	59251996	OK
267	2	59251997	60775066	OK
268	2	60775067	62429910	OK
269	2	62429911	63672118	OK
270	2	63672119	64696089	OK
271	2	64696090	65938002	OK
272	2	65938003	67224027	OK
273	2	67224028	67979828	OK
274	2	67979829	68877774	OK
275	2	68877775	70756283	OK
276	2	70756284	71385813	OK
277	2	71385814	72160302	OK
278	2	72160303	73544290	OK
279	2	73544291	75148103	OK
280	2	75148104	75942397	OK
281	2	75942398	76649030	OK
282	2	76649031	77372830	OK
283	2	77372831	78080057	OK
284	2	78080058	79019676	OK
285	2	79019677	79900055	OK
286	2	79900056	80737811	OK
287	2	80737812	81623357	OK
288	2	81623358	82941455	OK
289	2	82941456	84395899	OK
290	2	84395900	85992794	OK
291	2	85992795	86867032	OK
292	2	86867033	88547312	OK
293	2	88547313	91860961	OK
294	2	91860962	97339301	OK
295	2	97339302	98989360	OK
296	2	98989361	100202436	OK
297	2	100202437	101556799	OK
298	2	101556800	102494487	OK
299	2	102494488	103305257	OK
300	2	103305258	105120578	OK
301	2	105120579	106546524	OK
302	2	106546525	107412295	OK
303	2	107412296	108417773	OK
304	2	108417774	110097868	OK
305	2	110097869	112644828	OK
306	2	112644829	113930668	OK
307	2	113930669	115203835	OK
308	2	115203836	116415816	OK
309	2	116415817	117822516	OK
310	2	117822517	118663653	OK
311	2	118663654	119635489	OK
312	2	119635490	121073752	OK
313	2	121073753	122026817	OK
314	2	122026818	123219243	OK
315	2	123219244	123929872	OK
316	2	123929873	124730991	OK
317	2	124730992	125741528	OK
318	2	125741529	126754027	OK
319	2	126754028	127895644	OK
320	2	127895645	129486897	OK
321	2	129486898	130485398	OK
322	2	130485399	131760638	OK
323	2	131760639	132598285	OK
324	2	132598286	133352950	OK
325	2	133352951	134359059	OK
326	2	134359060	135160197	OK
327	2	135160198	137061003	OK
328	2	137061004	138073791	OK
329	2	138073792	139505819	ERROR: no requested phenotype available after local variance filtering
330	2	139505820	140934531	OK
331	2	140934532	141802664	OK
332	2	141802665	142494980	OK
333	2	142494981	143259780	OK
334	2	143259781	144503688	OK
335	2	144503689	145977920	OK
336	2	145977921	147252196	OK
337	2	147252197	149568875	OK
338	2	149568876	151428988	OK
339	2	151428989	152497375	OK
340	2	152497376	153999309	OK
341	2	153999310	155207969	OK
342	2	155207970	156130947	OK
343	2	156130948	157556096	OK
344	2	157556097	159040979	OK
345	2	159040980	160200379	OK
346	2	160200380	161432089	OK
347	2	161432090	163607635	OK
348	2	163607636	164702312	OK
349	2	164702313	165917788	OK
350	2	165917789	167488576	OK
351	2	167488577	168437445	OK
352	2	168437446	169224445	OK
353	2	169224446	170155561	OK
354	2	170155562	170865765	OK
355	2	170865766	171566482	OK
356	2	171566483	172501315	OK
357	2	172501316	173287857	OK
358	2	173287858	174118389	OK
359	2	174118390	174927563	OK
360	2	174927564	176734750	OK
361	2	176734751	178149981	OK
362	2	178149982	179224870	OK
363	2	179224871	180336045	OK
364	2	180336046	181309939	OK
365	2	181309940	182307877	OK
366	2	182307878	183352290	OK
367	2	183352291	184148655	OK
368	2	184148656	184866232	OK
369	2	184866233	186244920	OK
370	2	186244921	187498047	OK
371	2	187498048	188895310	OK
372	2	188895311	189882702	OK
373	2	189882703	191051954	OK
374	2	191051955	193033982	OK
375	2	193033983	195300250	OK
376	2	195300251	196446299	OK
377	2	196446300	198140350	OK
378	2	198140351	199654969	OK
379	2	199654970	201324132	OK
380	2	201324133	202504862	OK
381	2	202504863	203639686	OK
382	2	203639687	205038119	OK
383	2	205038120	206821199	OK
384	2	206821200	207726594	OK
385	2	207726595	208674588	OK
386	2	208674589	209940230	OK
387	2	209940231	210842457	OK
388	2	210842458	212520453	OK
389	2	212520454	213194362	OK
390	2	213194363	214044566	OK
391	2	214044567	215002484	OK
392	2	215002485	215899570	OK
393	2	215899571	217566011	OK
394	2	217566012	218396258	OK
395	2	218396259	219678783	OK
396	2	219678784	220771552	OK
397	2	220771553	221445191	OK
398	2	221445192	222327713	OK
399	2	222327714	223353965	OK
400	2	223353966	224123079	OK
401	2	224123080	224938731	OK
402	2	224938732	226242842	OK
403	2	226242843	227557841	OK
404	2	227557842	228812485	OK
405	2	228812486	229764918	OK
406	2	229764919	230541092	OK
407	2	230541093	231847386	OK
408	2	231847387	233352722	OK
409	2	233352723	234115092	OK
410	2	234115093	234945577	OK
411	2	234945578	235625789	OK
412	2	235625790	236276287	OK
413	2	236276288	237194297	OK
414	2	237194298	238185482	OK
415	2	238185483	238814630	OK
416	2	238814631	239634350	OK
417	2	239634351	240325600	OK
418	2	240325601	241113279	OK
419	2	241113280	241910366	OK
420	2	241910367	243188366	OK
421	3	60197	795746	OK
422	3	795747	1440048	OK
423	3	1440049	2140011	OK
424	3	2140012	3128152	OK
425	3	3128153	4109393	OK
426	3	4109394	4835083	OK
427	3	4835084	5496182	OK
428	3	5496183	6421145	OK
429	3	6421146	7529554	OK
430	3	7529555	8664892	OK
431	3	8664893	9970731	OK
432	3	9970732	11226367	OK
433	3	11226368	11997658	OK
434	3	11997659	12859209	OK
435	3	12859210	14312007	OK
436	3	14312008	15150876	OK
437	3	15150877	16084005	OK
438	3	16084006	17182494	OK
439	3	17182495	19030988	OK
440	3	19030989	20754842	OK
441	3	20754843	21790867	OK
442	3	21790868	22648001	OK
443	3	22648002	23426044	OK
444	3	23426045	24270189	OK
445	3	24270190	25516193	OK
446	3	25516194	26905340	OK
447	3	26905341	27614908	OK
448	3	27614909	28649810	OK
449	3	28649811	29877022	OK
450	3	29877023	31269697	OK
451	3	31269698	32378805	OK
452	3	32378806	33020868	OK
453	3	33020869	33991869	OK
454	3	33991870	35009559	OK
455	3	35009560	35913033	OK
456	3	35913034	36840136	OK
457	3	36840137	38729767	OK
458	3	38729768	39605996	OK
459	3	39605997	40897627	OK
460	3	40897628	42301657	OK
461	3	42301658	44141693	OK
462	3	44141694	45844191	OK
463	3	45844192	47588461	OK
464	3	47588462	50387742	OK
465	3	50387743	51953968	OK
466	3	51953969	54074844	OK
467	3	54074845	54892586	OK
468	3	54892587	55616625	OK
469	3	55616626	56954878	OK
470	3	56954879	58557718	OK
471	3	58557719	59998583	OK
472	3	59998584	60571139	OK
473	3	60571140	61277587	OK
474	3	61277588	62609818	OK
475	3	62609819	63670803	OK
476	3	63670804	64662373	OK
477	3	64662374	65326751	OK
478	3	65326752	66702084	OK
479	3	66702085	67454740	OK
480	3	67454741	68319770	OK
481	3	68319771	69784969	OK
482	3	69784970	71223281	OK
483	3	71223282	72334704	OK
484	3	72334705	73606612	OK
485	3	73606613	74383137	OK
486	3	74383138	75374967	OK
487	3	75374968	76157470	OK
488	3	76157471	77507832	OK
489	3	77507833	79023360	OK
490	3	79023361	80385708	OK
491	3	80385709	81431496	OK
492	3	81431497	82532742	OK
493	3	82532743	83529394	OK
494	3	83529395	84698480	OK
495	3	84698481	85807679	OK
496	3	85807680	86660979	OK
497	3	86660980	87411258	OK
498	3	87411259	88375763	OK
499	3	88375764	89612939	OK
500	3	89612940	94250144	OK
501	3	94250145	95088587	OK
502	3	95088588	96055532	ERROR: no requested phenotype available after local variance filtering
503	3	96055533	97351955	OK
504	3	97351956	98212868	OK
505	3	98212869	99045104	OK
506	3	99045105	100552522	OK
507	3	100552523	101906989	OK
508	3	101906990	103450271	OK
509	3	103450272	104116563	OK
510	3	104116564	104878977	OK
511	3	104878978	106174685	OK
512	3	106174686	107736519	OK
513	3	107736520	108638900	OK
514	3	108638901	109519606	OK
515	3	109519607	110935508	OK
516	3	110935509	111693782	OK
517	3	111693783	112408513	OK
518	3	112408514	113657665	OK
519	3	113657666	115649909	OK
520	3	115649910	116498570	OK
521	3	116498571	117241644	OK
522	3	117241645	118086929	OK
523	3	118086930	118903053	OK
524	3	118903054	119759983	OK
525	3	119759984	120574477	OK
526	3	120574478	121362442	OK
527	3	121362443	122340832	OK
528	3	122340833	123518507	OK
529	3	123518508	124823006	OK
530	3	124823007	125475722	OK
531	3	125475723	125992650	OK
532	3	125992651	127495173	OK
533	3	127495174	129091975	OK
534	3	129091976	130242360	OK
535	3	130242361	131373470	OK
536	3	131373471	132124018	OK
537	3	132124019	132925967	OK
538	3	132925968	133718493	OK
539	3	133718494	135288394	OK
540	3	135288395	137372141	OK
541	3	137372142	138693846	OK
542	3	138693847	139831267	OK
543	3	139831268	141034637	OK
544	3	141034638	141898978	OK
545	3	141898979	142976707	OK
546	3	142976708	144408821	OK
547	3	144408822	145211907	OK
548	3	145211908	145903838	OK
549	3	145903839	147358243	OK
550	3	147358244	148638308	OK
551	3	148638309	149998411	OK
552	3	149998412	151131307	OK
553	3	151131308	151904021	OK
554	3	151904022	153406718	OK
555	3	153406719	155046423	OK
556	3	155046424	155928190	OK
557	3	155928191	156795410	OK
558	3	156795411	157633700	OK
559	3	157633701	158460058	OK
560	3	158460059	159478751	OK
561	3	159478752	160584961	OK
562	3	160584962	161628883	OK
563	3	161628884	162622604	OK
564	3	162622605	163250112	OK
565	3	163250113	164037360	OK
566	3	164037361	165054911	OK
567	3	165054912	165936511	OK
568	3	165936512	167118893	OK
569	3	167118894	168972662	OK
570	3	168972663	170174578	OK
571	3	170174579	171134849	OK
572	3	171134850	172004760	OK
573	3	172004761	173415591	OK
574	3	173415592	174684707	OK
575	3	174684708	175671424	OK
576	3	175671425	176931163	OK
577	3	176931164	178110322	OK
578	3	178110323	179372165	OK
579	3	179372166	181424323	OK
580	3	181424324	183203155	OK
581	3	183203156	184524268	OK
582	3	184524269	185709996	OK
583	3	185709997	186602045	OK
584	3	186602046	187939199	OK
585	3	187939200	189451805	OK
586	3	189451806	190591293	OK
587	3	190591294	191229357	OK
588	3	191229358	192049688	OK
589	3	192049689	193122090	OK
590	3	193122091	194217140	OK
591	3	194217141	195196789	OK
592	3	195196790	195710290	OK
593	3	195710291	196383152	OK
594	3	196383153	197147990	OK
595	3	197147991	197962380	OK
596	4	10227	812415	OK
597	4	812416	1529267	OK
598	4	1529268	2468935	OK
599	4	2468936	3549229	OK
600	4	3549230	4266178	OK
601	4	4266179	5051834	OK
602	4	5051835	5972709	OK
603	4	5972710	7135819	OK
604	4	7135820	7726034	OK
605	4	7726035	8309826	OK
606	4	8309827	8882616	OK
607	4	8882617	9482867	OK
608	4	9482868	9916156	OK
609	4	9916157	10370666	OK
610	4	10370667	11050119	OK
611	4	11050120	12209028	OK
612	4	12209029	13127576	OK
613	4	13127577	14395886	OK
614	4	14395887	14967147	OK
615	4	14967148	15910801	OK
616	4	15910802	17290236	OK
617	4	17290237	18753263	OK
618	4	18753264	20086838	OK
619	4	20086839	21416380	OK
620	4	21416381	22835185	OK
621	4	22835186	23858350	OK
622	4	23858351	24764724	OK
623	4	24764725	25832018	OK
624	4	25832019	27385580	OK
625	4	27385581	28177792	OK
626	4	28177793	28927438	OK
627	4	28927439	29758399	OK
628	4	29758400	30455555	OK
629	4	30455556	31395092	OK
630	4	31395093	32260117	OK
631	4	32260118	32746820	OK
632	4	32746821	33640822	OK
633	4	33640823	34721845	OK
634	4	34721846	35411236	OK
635	4	35411237	35993838	OK
636	4	35993839	36671801	OK
637	4	36671802	37880860	OK
638	4	37880861	38984838	OK
639	4	38984839	39820061	OK
640	4	39820062	40590541	OK
641	4	40590542	41360937	OK
642	4	41360938	42189251	OK
643	4	42189252	43192424	OK
644	4	43192425	43962561	OK
645	4	43962562	45186767	OK
646	4	45186768	46358360	OK
647	4	46358361	47408265	OK
648	4	47408266	49325138	OK
649	4	49325139	53879571	OK
650	4	53879572	54659778	OK
651	4	54659779	55681701	OK
652	4	55681702	57103100	OK
653	4	57103101	58011085	OK
654	4	58011086	58940256	OK
655	4	58940257	59692948	OK
656	4	59692949	60746709	OK
657	4	60746710	61971161	OK
658	4	61971162	63337954	OK
659	4	63337955	64117431	OK
660	4	64117432	65563100	OK
661	4	65563101	66597446	OK
662	4	66597447	67616362	OK
663	4	67616363	68742859	OK
664	4	68742860	69603368	OK
665	4	69603369	70516836	OK
666	4	70516837	71468300	OK
667	4	71468301	73258294	OK
668	4	73258295	74885900	OK
669	4	74885901	76497358	OK
670	4	76497359	78045637	OK
671	4	78045638	78967715	OK
672	4	78967716	79880101	OK
673	4	79880102	81206182	OK
674	4	81206183	82655623	OK
675	4	82655624	84003062	OK
676	4	84003063	85437805	OK
677	4	85437806	86931670	OK
678	4	86931671	88502717	OK
679	4	88502718	89244554	OK
680	4	89244555	90236971	OK
681	4	90236972	91309863	OK
682	4	91309864	92219192	OK
683	4	92219193	93451599	OK
684	4	93451600	94757265	OK
685	4	94757266	96183801	OK
686	4	96183802	97540787	OK
687	4	97540788	98445515	OK
688	4	98445516	99532480	OK
689	4	99532481	100333334	OK
690	4	100333335	101132995	OK
691	4	101132996	102544803	OK
692	4	102544804	104384534	OK
693	4	104384535	105319195	OK
694	4	105319196	106479155	OK
695	4	106479156	108131206	OK
696	4	108131207	109122458	OK
697	4	109122459	109978982	OK
698	4	109978983	111733579	OK
699	4	111733580	112830229	OK
700	4	112830230	113916002	OK
701	4	113916003	115306149	OK
702	4	115306150	116204703	OK
703	4	116204704	117313636	OK
704	4	117313637	118395262	OK
705	4	118395263	119138097	OK
706	4	119138098	119927262	OK
707	4	119927263	120563073	OK
708	4	120563074	121393008	OK
709	4	121393009	121981243	OK
710	4	121981244	122655434	OK
711	4	122655435	123768693	OK
712	4	123768694	124534997	OK
713	4	124534998	125486535	OK
714	4	125486536	126476842	OK
715	4	126476843	127279171	OK
716	4	127279172	128321876	OK
717	4	128321877	129625376	OK
718	4	129625377	131098950	OK
719	4	131098951	131873453	OK
720	4	131873454	132801980	OK
721	4	132801981	133524886	OK
722	4	133524887	134109978	OK
723	4	134109979	135809542	OK
724	4	135809543	137400031	OK
725	4	137400032	138537344	OK
726	4	138537345	139553760	OK
727	4	139553761	141087047	OK
728	4	141087048	142807914	OK
729	4	142807915	144401042	OK
730	4	144401043	146174871	OK
731	4	146174872	147161042	OK
732	4	147161043	148462208	OK
733	4	148462209	149998528	OK
734	4	149998529	151014322	OK
735	4	151014323	152162098	OK
736	4	152162099	153520883	OK
737	4	153520884	155044409	OK
738	4	155044410	156520288	OK
739	4	156520289	157597309	OK
740	4	157597310	159176073	OK
741	4	159176074	160828480	OK
742	4	160828481	161666201	OK
743	4	161666202	162239289	OK
744	4	162239290	163245541	OK
745	4	163245542	163937103	OK
746	4	163937104	164781847	OK
747	4	164781848	165824650	OK
748	4	165824651	166702855	OK
749	4	166702856	167643768	OK
750	4	167643769	168623790	OK
751	4	168623791	169555114	OK
752	4	169555115	170682809	OK
753	4	170682810	171643019	OK
754	4	171643020	172555990	OK
755	4	172555991	174470206	OK
756	4	174470207	175295842	OK
757	4	175295843	175959697	OK
758	4	175959698	177129678	OK
759	4	177129679	178314527	OK
760	4	178314528	179233905	OK
761	4	179233906	179932391	OK
762	4	179932392	180540877	OK
763	4	180540878	181122433	OK
764	4	181122434	182065646	OK
765	4	182065647	182946258	OK
766	4	182946259	183603892	OK
767	4	183603893	184338584	OK
768	4	184338585	185483262	OK
769	4	185483263	186232882	OK
770	4	186232883	186881568	OK
771	4	186881569	187985393	OK
772	4	187985394	189153279	OK
773	4	189153280	189899573	OK
774	4	189899574	191043880	OK
775	5	10043	598320	OK
776	5	598321	1206609	OK
777	5	1206610	2106885	OK
778	5	2106886	2960068	OK
779	5	2960069	3677595	OK
780	5	3677596	4636542	OK
781	5	4636543	5828694	OK
782	5	5828695	6936733	OK
783	5	6936734	8079415	OK
784	5	8079416	9203855	OK
785	5	9203856	10549029	OK
786	5	10549030	11850850	OK
787	5	11850851	12867189	OK
788	5	12867190	13608147	OK
789	5	13608148	14910295	OK
790	5	14910296	16592319	OK
791	5	16592320	17803477	OK
792	5	17803478	18791410	OK
793	5	18791411	20397013	OK
794	5	20397014	21211399	OK
795	5	21211400	22149042	OK
796	5	22149043	23246745	OK
797	5	23246746	24362661	OK
798	5	24362662	25722097	OK
799	5	25722098	26938178	OK
800	5	26938179	28315653	OK
801	5	28315654	29593755	OK
802	5	29593756	30416066	OK
803	5	30416067	31679464	OK
804	5	31679465	32727914	OK
805	5	32727915	33971056	OK
806	5	33971057	35157146	OK
807	5	35157147	36431967	OK
808	5	36431968	37925487	OK
809	5	37925488	39438985	OK
810	5	39438986	40290851	OK
811	5	40290852	41279590	OK
812	5	41279591	42856332	OK
813	5	42856333	44049878	OK
814	5	44049879	45305566	OK
815	5	45305567	46388848	OK
816	5	46388849	50164835	OK
817	5	50164836	51203265	OK
818	5	51203266	52139773	OK
819	5	52139774	52837225	OK
820	5	52837226	53747856	OK
821	5	53747857	55221398	OK
822	5	55221399	55968966	OK
823	5	55968967	56896890	OK
824	5	56896891	57895012	OK
825	5	57895013	58721458	OK
826	5	58721459	59868567	OK
827	5	59868568	60930753	OK
828	5	60930754	62180368	OK
829	5	62180369	63214089	OK
830	5	63214090	64438518	OK
831	5	64438519	65606870	OK
832	5	65606871	67096191	OK
833	5	67096192	68006993	OK
834	5	68006994	71468651	OK
835	5	71468652	73314061	OK
836	5	73314062	74245354	OK
837	5	74245355	75239302	OK
838	5	75239303	75959515	OK
839	5	75959516	77290255	OK
840	5	77290256	79005158	OK
841	5	79005159	80448225	OK
842	5	80448226	81710194	OK
843	5	81710195	82720248	OK
844	5	82720249	84094797	OK
845	5	84094798	84697850	OK
846	5	84697851	85311779	OK
847	5	85311780	86493763	OK
848	5	86493764	87943482	OK
849	5	87943483	89584466	OK
850	5	89584467	90793804	OK
851	5	90793805	91956905	OK
852	5	91956906	93814604	OK
853	5	93814605	95117259	OK
854	5	95117260	96467377	OK
855	5	96467378	97316601	OK
856	5	97316602	98567769	OK
857	5	98567770	99257995	OK
858	5	99257996	100594081	OK
859	5	100594082	101575367	OK
860	5	101575368	102903985	OK
861	5	102903986	103788460	OK
862	5	103788461	104850490	OK
863	5	104850491	106389388	OK
864	5	106389389	107265911	OK
865	5	107265912	108641784	OK
866	5	108641785	109606905	OK
867	5	109606906	110819517	OK
868	5	110819518	111983115	OK
869	5	111983116	113121555	OK
870	5	113121556	113998532	OK
871	5	113998533	115117631	OK
872	5	115117632	116208000	OK
873	5	116208001	117348497	OK
874	5	117348498	118605251	OK
875	5	118605252	119664173	OK
876	5	119664174	120371857	OK
877	5	120371858	120960737	OK
878	5	120960738	122005291	OK
879	5	122005292	123191941	OK
880	5	123191942	124109485	OK
881	5	124109486	125131720	OK
882	5	125131721	126054697	OK
883	5	126054698	126992836	OK
884	5	126992837	128067414	OK
885	5	128067415	128734905	OK
886	5	128734906	130573817	OK
887	5	130573818	132554690	OK
888	5	132554691	134556570	OK
889	5	134556571	135344943	OK
890	5	135344944	136949853	OK
891	5	136949854	139408116	OK
892	5	139408117	141253830	OK
893	5	141253831	142532956	OK
894	5	142532957	143605908	OK
895	5	143605909	145319096	OK
896	5	145319097	147180171	OK
897	5	147180172	148662214	OK
898	5	148662215	149850203	OK
899	5	149850204	150981934	OK
900	5	150981935	151892617	OK
901	5	151892618	152878627	OK
902	5	152878628	153734494	OK
903	5	153734495	154599750	OK
904	5	154599751	155459556	OK
905	5	155459557	156345451	OK
906	5	156345452	157191081	OK
907	5	157191082	158484775	OK
908	5	158484776	159663733	OK
909	5	159663734	160519049	OK
910	5	160519050	161478177	OK
911	5	161478178	162386027	OK
912	5	162386028	163781268	OK
913	5	163781269	165289211	OK
914	5	165289212	166863413	OK
915	5	166863414	168342743	OK
916	5	168342744	169506966	OK
917	5	169506967	170898340	OK
918	5	170898341	172285682	OK
919	5	172285683	173606995	OK
920	5	173606996	174662885	OK
921	5	174662886	176180301	OK
922	5	176180302	177659902	OK
923	5	177659903	178595252	OK
924	5	178595253	179794710	OK
925	5	179794711	180902886	OK
926	6	63979	1380679	OK
927	6	1380680	2746531	OK
928	6	2746532	3964072	OK
929	6	3964073	4657086	OK
930	6	4657087	5378213	OK
931	6	5378214	6621937	OK
932	6	6621938	7808323	OK
933	6	7808324	9020710	OK
934	6	9020711	10416550	OK
935	6	10416551	11790671	OK
936	6	11790672	13352326	OK
937	6	13352327	15069421	OK
938	6	15069422	16566882	OK
939	6	16566883	17391994	OK
940	6	17391995	18208676	OK
941	6	18208677	18775022	OK
942	6	18775023	19449152	OK
943	6	19449153	20418020	OK
944	6	20418021	21295864	OK
945	6	21295865	22199713	OK
946	6	22199714	23192337	OK
947	6	23192338	23939306	OK
948	6	23939307	24950379	OK
949	6	24950380	25684629	OK
950	6	25684630	26396200	ERROR: no requested phenotype available after local variance filtering
951	6	26396201	27261035	ERROR: no requested phenotype available after local variance filtering
952	6	27261036	28666364	ERROR: no requested phenotype available after local variance filtering
953	6	28666365	29529755	ERROR: no requested phenotype available after local variance filtering
954	6	29529756	29833843	ERROR: no requested phenotype available after local variance filtering
955	6	29833844	30070717	ERROR: no requested phenotype available after local variance filtering
956	6	30070718	30715006	ERROR: no requested phenotype available after local variance filtering
957	6	30715007	31106493	ERROR: no requested phenotype available after local variance filtering
958	6	31106494	31250556	ERROR: no requested phenotype available after local variance filtering
959	6	31250557	31320268	ERROR: no requested phenotype available after local variance filtering
960	6	31320269	31427209	ERROR: no requested phenotype available after local variance filtering
961	6	31427210	32208901	ERROR: no requested phenotype available after local variance filtering
962	6	32208902	32454577	ERROR: no requested phenotype available after local variance filtering
963	6	32454578	32539567	ERROR: no requested phenotype available after local variance filtering
964	6	32539568	32586784	ERROR: no requested phenotype available after local variance filtering
965	6	32586785	32629239	ERROR: no requested phenotype available after local variance filtering
966	6	32629240	32682213	ERROR: no requested phenotype available after local variance filtering
967	6	32682214	32897998	ERROR: no requested phenotype available after local variance filtering
968	6	32897999	33194975	ERROR: no requested phenotype available after local variance filtering
969	6	33194976	33864262	ERROR: no requested phenotype available after local variance filtering
970	6	33864263	34979270	OK
971	6	34979271	36346353	OK
972	6	36346354	37570051	OK
973	6	37570052	38688720	OK
974	6	38688721	39785907	OK
975	6	39785908	40778401	OK
976	6	40778402	42103738	OK
977	6	42103739	43770626	OK
978	6	43770627	44596897	OK
979	6	44596898	45408421	OK
980	6	45408422	46430701	OK
981	6	46430702	47313443	OK
982	6	47313444	48393981	OK
983	6	48393982	49528164	OK
984	6	49528165	50940767	OK
985	6	50940768	51826423	OK
986	6	51826424	52598879	OK
987	6	52598880	53425492	OK
988	6	53425493	54452767	OK
989	6	54452768	55469137	OK
990	6	55469138	56200985	OK
991	6	56200986	57316157	OK
992	6	57316158	58141889	OK
993	6	58141890	61883560	OK
994	6	61883561	62693128	OK
995	6	62693129	64010286	OK
996	6	64010287	65759861	OK
997	6	65759862	66445495	OK
998	6	66445496	67036787	OK
999	6	67036788	67559694	OK
1000	6	67559695	68547494	OK
1001	6	68547495	69294227	OK
1002	6	69294228	70363348	OK
1003	6	70363349	71610787	OK
1004	6	71610788	72290723	OK
1005	6	72290724	73170168	OK
1006	6	73170169	74401506	OK
1007	6	74401507	75461313	OK
1008	6	75461314	77274030	OK
1009	6	77274031	78168731	OK
1010	6	78168732	78959762	OK
1011	6	78959763	79859903	OK
1012	6	79859904	80693927	OK
1013	6	80693928	81567706	OK
1014	6	81567707	82388204	OK
1015	6	82388205	83571953	OK
1016	6	83571954	85038134	OK
1017	6	85038135	85837203	OK
1018	6	85837204	86818669	OK
1019	6	86818670	87516322	OK
1020	6	87516323	88499745	OK
1021	6	88499746	89974267	OK
1022	6	89974268	91097024	OK
1023	6	91097025	92015279	OK
1024	6	92015280	92953798	OK
1025	6	92953799	93696825	OK
1026	6	93696826	95176337	OK
1027	6	95176338	96480153	OK
1028	6	96480154	98173003	OK
1029	6	98173004	99678876	OK
1030	6	99678877	100878645	OK
1031	6	100878646	101793542	OK
1032	6	101793543	102637706	OK
1033	6	102637707	103612625	OK
1034	6	103612626	104209796	OK
1035	6	104209797	104951344	OK
1036	6	104951345	106053915	OK
1037	6	106053916	107309327	OK
1038	6	107309328	109043244	OK
1039	6	109043245	110647842	OK
1040	6	110647843	111363443	OK
1041	6	111363444	112342873	OK
1042	6	112342874	113705003	OK
1043	6	113705004	115062811	OK
1044	6	115062812	116132147	OK
1045	6	116132148	117674076	OK
1046	6	117674077	118529071	OK
1047	6	118529072	119451294	OK
1048	6	119451295	120339244	OK
1049	6	120339245	121087444	OK
1050	6	121087445	121908063	OK
1051	6	121908064	122929290	OK
1052	6	122929291	123854857	OK
1053	6	123854858	125365054	OK
1054	6	125365055	127545459	OK
1055	6	127545460	128763380	OK
1056	6	128763381	129850178	OK
1057	6	129850179	130550137	OK
1058	6	130550138	131457164	OK
1059	6	131457165	132890694	OK
1060	6	132890695	134313643	OK
1061	6	134313644	135544083	OK
1062	6	135544084	137553212	OK
1063	6	137553213	138825721	OK
1064	6	138825722	139716713	OK
1065	6	139716714	141449453	OK
1066	6	141449454	143083347	OK
1067	6	143083348	144791455	OK
1068	6	144791456	145778282	OK
1069	6	145778283	147015882	OK
1070	6	147015883	148184844	OK
1071	6	148184845	149278798	OK
1072	6	149278799	150635315	OK
1073	6	150635316	151629954	OK
1074	6	151629955	152376499	OK
1075	6	152376500	153082361	OK
1076	6	153082362	153791461	OK
1077	6	153791462	154462010	OK
1078	6	154462011	155523957	OK
1079	6	155523958	156762740	OK
1080	6	156762741	158220143	OK
1081	6	158220144	158952060	OK
1082	6	158952061	159604052	OK
1083	6	159604053	160583918	OK
1084	6	160583919	161371014	OK
1085	6	161371015	162254229	OK
1086	6	162254230	163336361	OK
1087	6	163336362	164687462	OK
1088	6	164687463	165835953	OK
1089	6	165835954	166853325	OK
1090	6	166853326	167714865	OK
1091	6	167714866	168707338	OK
1092	6	168707339	169667886	OK
1093	6	169667887	171053405	OK
1094	7	15064	617319	OK
1095	7	617320	1366972	OK
1096	7	1366973	2473749	OK
1097	7	2473750	3100211	OK
1098	7	3100212	4139431	OK
1099	7	4139432	4938442	OK
1100	7	4938443	6020653	OK
1101	7	6020654	6716905	OK
1102	7	6716906	7167610	OK
1103	7	7167611	7926500	OK
1104	7	7926501	8718351	OK
1105	7	8718352	9225106	OK
1106	7	9225107	9900801	OK
1107	7	9900802	10481677	OK
1108	7	10481678	11232447	OK
1109	7	11232448	11855413	OK
1110	7	11855414	12694915	OK
1111	7	12694916	13213541	OK
1112	7	13213542	13676747	OK
1113	7	13676748	15013694	OK
1114	7	15013695	15877564	OK
1115	7	15877565	16739013	OK
1116	7	16739014	17596578	OK
1117	7	17596579	19131026	OK
1118	7	19131027	20122179	OK
1119	7	20122180	21390644	OK
1120	7	21390645	22165060	OK
1121	7	22165061	23106680	OK
1122	7	23106681	24151099	OK
1123	7	24151100	24894119	OK
1124	7	24894120	25671575	OK
1125	7	25671576	27351286	OK
1126	7	27351287	28890886	OK
1127	7	28890887	30175113	OK
1128	7	30175114	31730554	OK
1129	7	31730555	32460228	OK
1130	7	32460229	33159277	OK
1131	7	33159278	34114532	OK
1132	7	34114533	35354135	OK
1133	7	35354136	36507690	OK
1134	7	36507691	37981936	OK
1135	7	37981937	38966483	OK
1136	7	38966484	40261240	OK
1137	7	40261241	41415925	OK
1138	7	41415926	42494806	OK
1139	7	42494807	43448815	OK
1140	7	43448816	44989571	OK
1141	7	44989572	46247335	OK
1142	7	46247336	47253454	OK
1143	7	47253455	48363585	OK
1144	7	48363586	48984625	OK
1145	7	48984626	49632426	OK
1146	7	49632427	50894508	OK
1147	7	50894509	51951647	OK
1148	7	51951648	52635123	OK
1149	7	52635124	53176523	OK
1150	7	53176524	54086987	OK
1151	7	54086988	54550500	OK
1152	7	54550501	55161394	OK
1153	7	55161395	56303513	OK
1154	7	56303514	57383657	OK
1155	7	57383658	61969717	OK
1156	7	61969718	63311297	OK
1157	7	63311298	64216135	OK
1158	7	64216136	65294277	OK
1159	7	65294278	66453993	OK
1160	7	66453994	66914875	OK
1161	7	66914876	67474722	OK
1162	7	67474723	68569224	OK
1163	7	68569225	70144614	OK
1164	7	70144615	71215741	OK
1165	7	71215742	73128830	OK
1166	7	73128831	75243899	OK
1167	7	75243900	76451928	OK
1168	7	76451929	77663964	OK
1169	7	77663965	78685009	OK
1170	7	78685010	80055721	OK
1171	7	80055722	81533566	OK
1172	7	81533567	82759283	OK
1173	7	82759284	83953009	OK
1174	7	83953010	85356715	OK
1175	7	85356716	86446538	OK
1176	7	86446539	87836641	OK
1177	7	87836642	89330087	OK
1178	7	89330088	90660831	OK
1179	7	90660832	92530165	OK
1180	7	92530166	93691725	OK
1181	7	93691726	95174847	OK
1182	7	95174848	96564981	OK
1183	7	96564982	97420207	OK
1184	7	97420208	98173564	OK
1185	7	98173565	99465540	OK
1186	7	99465541	100849307	OK
1187	7	100849308	101950748	OK
1188	7	101950749	103191322	OK
1189	7	103191323	104109231	OK
1190	7	104109232	105312563	OK
1191	7	105312564	106399739	OK
1192	7	106399740	107658603	OK
1193	7	107658604	109095558	OK
1194	7	109095559	110479479	OK
1195	7	110479480	111795299	OK
1196	7	111795300	113339386	OK
1197	7	113339387	115321301	OK
1198	7	115321302	116835336	OK
1199	7	116835337	118342090	OK
1200	7	118342091	119568236	OK
1201	7	119568237	121042050	OK
1202	7	121042051	121946052	OK
1203	7	121946053	123859746	OK
1204	7	123859747	125389586	OK
1205	7	125389587	126640872	OK
1206	7	126640873	127903738	OK
1207	7	127903739	128779173	OK
1208	7	128779174	130418704	OK
1209	7	130418705	131856481	OK
1210	7	131856482	133807216	OK
1211	7	133807217	134943221	OK
1212	7	134943222	136113467	OK
1213	7	136113468	137657459	OK
1214	7	137657460	138755107	OK
1215	7	138755108	140217630	OK
1216	7	140217631	142098979	OK
1217	7	142098980	144324464	OK
1218	7	144324465	145415775	OK
1219	7	145415776	146574327	OK
1220	7	146574328	147352171	OK
1221	7	147352172	148622913	OK
1222	7	148622914	149842999	OK
1223	7	149843000	150897818	OK
1224	7	150897819	152253294	OK
1225	7	152253295	153241228	OK
1226	7	153241229	154407487	OK
1227	7	154407488	155280610	OK
1228	7	155280611	156344386	OK
1229	7	156344387	157199331	OK
1230	7	157199332	158031247	OK
1231	7	158031248	159128566	OK
1232	8	11740	660414	OK
1233	8	660415	1161824	OK
1234	8	1161825	1628039	OK
1235	8	1628040	2070902	OK
1236	8	2070903	2396122	OK
1237	8	2396123	2970491	OK
1238	8	2970492	3386667	OK
1239	8	3386668	3787248	OK
1240	8	3787249	4273083	OK
1241	8	4273084	4893120	OK
1242	8	4893121	5566269	OK
1243	8	5566270	6019163	OK
1244	8	6019164	6663427	OK
1245	8	6663428	8064600	OK
1246	8	8064601	8589770	OK
1247	8	8589771	9167795	OK
1248	8	9167796	9835863	OK
1249	8	9835864	10478851	OK
1250	8	10478852	11466761	OK
1251	8	11466762	12296849	OK
1252	8	12296850	12947935	OK
1253	8	12947936	13395051	OK
1254	8	13395052	13948095	OK
1255	8	13948096	14389305	OK
1256	8	14389306	14872767	OK
1257	8	14872768	15359692	OK
1258	8	15359693	15999328	OK
1259	8	15999329	16988030	OK
1260	8	16988031	17492672	OK
1261	8	17492673	17947004	OK
1262	8	17947005	18668609	OK
1263	8	18668610	19488888	OK
1264	8	19488889	20135628	OK
1265	8	20135629	20812107	OK
1266	8	20812108	21650453	OK
1267	8	21650454	22895018	OK
1268	8	22895019	23788494	OK
1269	8	23788495	24863243	OK
1270	8	24863244	25859277	OK
1271	8	25859278	26679135	OK
1272	8	26679136	27406511	OK
1273	8	27406512	28344176	OK
1274	8	28344177	29744540	OK
1275	8	29744541	31134786	OK
1276	8	31134787	32454962	OK
1277	8	32454963	33982537	OK
1278	8	33982538	34792220	OK
1279	8	34792221	36641174	OK
1280	8	36641175	38803980	OK
1281	8	38803981	40179577	OK
1282	8	40179578	40974254	OK
1283	8	40974255	41725002	OK
1284	8	41725003	43825633	OK
1285	8	43825634	49044813	OK
1286	8	49044814	50288660	OK
1287	8	50288661	51461455	OK
1288	8	51461456	52326236	OK
1289	8	52326237	53108910	OK
1290	8	53108911	54119373	OK
1291	8	54119374	55275354	OK
1292	8	55275355	56346878	OK
1293	8	56346879	57436722	OK
1294	8	57436723	58675117	OK
1295	8	58675118	59555977	OK
1296	8	59555978	60476248	OK
1297	8	60476249	61324889	OK
1298	8	61324890	62330900	OK
1299	8	62330901	63253462	OK
1300	8	63253463	64215358	OK
1301	8	64215359	66018204	OK
1302	8	66018205	66960438	OK
1303	8	66960439	68683823	OK
1304	8	68683824	70004665	OK
1305	8	70004666	70872088	OK
1306	8	70872089	72013184	OK
1307	8	72013185	72917489	OK
1308	8	72917490	73838027	OK
1309	8	73838028	75011699	OK
1310	8	75011700	76295483	OK
1311	8	76295484	77377989	OK
1312	8	77377990	78633659	OK
1313	8	78633660	79756169	OK
1314	8	79756170	81340231	OK
1315	8	81340232	82878769	OK
1316	8	82878770	83730337	OK
1317	8	83730338	85116734	OK
1318	8	85116735	86251870	OK
1319	8	86251871	87563145	OK
1320	8	87563146	89081177	OK
1321	8	89081178	90364149	OK
1322	8	90364150	91457962	OK
1323	8	91457963	92876620	OK
1324	8	92876621	94999066	OK
1325	8	94999067	96175630	OK
1326	8	96175631	96900513	OK
1327	8	96900514	98132519	OK
1328	8	98132520	99388944	OK
1329	8	99388945	101448439	OK
1330	8	101448440	102548680	OK
1331	8	102548681	103716053	OK
1332	8	103716054	104467845	OK
1333	8	104467846	105370130	OK
1334	8	105370131	106500950	OK
1335	8	106500951	107787163	OK
1336	8	107787164	108647463	OK
1337	8	108647464	109920827	OK
1338	8	109920828	111207349	OK
1339	8	111207350	112601513	OK
1340	8	112601514	113650853	OK
1341	8	113650854	114781574	OK
1342	8	114781575	115334858	OK
1343	8	115334859	116094203	OK
1344	8	116094204	118300068	OK
1345	8	118300069	119423298	OK
1346	8	119423299	120216587	OK
1347	8	120216588	121554390	OK
1348	8	121554391	122622804	OK
1349	8	122622805	124001019	OK
1350	8	124001020	125453322	OK
1351	8	125453323	126766827	OK
1352	8	126766828	128073654	OK
1353	8	128073655	129291118	OK
1354	8	129291119	130383563	OK
1355	8	130383564	131545725	OK
1356	8	131545726	132534636	OK
1357	8	132534637	133461551	OK
1358	8	133461552	134509448	OK
1359	8	134509449	135313673	OK
1360	8	135313674	136220342	OK
1361	8	136220343	137527617	OK
1362	8	137527618	138564843	OK
1363	8	138564844	139404631	OK
1364	8	139404632	140355988	OK
1365	8	140355989	141527881	OK
1366	8	141527882	142611889	OK
1367	8	142611890	143611461	OK
1368	8	143611462	144934288	OK
1369	8	144934289	146303787	OK
1370	9	10469	653661	OK
1371	9	653662	1103598	OK
1372	9	1103599	1874961	OK
1373	9	1874962	2441120	OK
1374	9	2441121	3079045	OK
1375	9	3079046	4025355	OK
1376	9	4025356	4596614	OK
1377	9	4596615	5437591	OK
1378	9	5437592	6859791	OK
1379	9	6859792	7388202	OK
1380	9	7388203	8262303	OK
1381	9	8262304	9170120	OK
1382	9	9170121	9920258	OK
1383	9	9920259	10675474	OK
1384	9	10675475	11270764	OK
1385	9	11270765	12044915	OK
1386	9	12044916	12664858	OK
1387	9	12664859	13512852	OK
1388	9	13512853	14244747	OK
1389	9	14244748	14902924	OK
1390	9	14902925	15839403	OK
1391	9	15839404	16658377	OK
1392	9	16658378	17392382	OK
1393	9	17392383	17990565	OK
1394	9	17990566	18754196	OK
1395	9	18754197	19463292	OK
1396	9	19463293	20483880	OK
1397	9	20483881	21674032	OK
1398	9	21674033	23091193	OK
1399	9	23091194	23859374	OK
1400	9	23859375	24757729	OK
1401	9	24757730	25957606	OK
1402	9	25957607	26747214	OK
1403	9	26747215	27366479	OK
1404	9	27366480	28067454	OK
1405	9	28067455	28766060	OK
1406	9	28766061	29596501	OK
1407	9	29596502	30410078	OK
1408	9	30410079	31115153	OK
1409	9	31115154	32253283	OK
1410	9	32253284	33194892	OK
1411	9	33194893	34704544	OK
1412	9	34704545	36749273	OK
1413	9	36749274	37687112	OK
1414	9	37687113	38822977	OK
1415	9	38822978	43903829	OK
1416	9	43903830	66673058	OK
1417	9	66673059	70939677	ERROR: no requested phenotype available after local variance filtering
1418	9	70939678	72288878	OK
1419	9	72288879	73915494	OK
1420	9	73915495	74950318	OK
1421	9	74950319	76197744	OK
1422	9	76197745	77862308	OK
1423	9	77862309	78630915	OK
1424	9	78630916	79451035	OK
1425	9	79451036	80137024	OK
1426	9	80137025	81161597	OK
1427	9	81161598	82601465	OK
1428	9	82601466	83455502	OK
1429	9	83455503	85135751	OK
1430	9	85135752	86769886	OK
1431	9	86769887	87815449	OK
1432	9	87815450	89171796	OK
1433	9	89171797	90135154	OK
1434	9	90135155	90890979	OK
1435	9	90890980	91643255	OK
1436	9	91643256	92500277	OK
1437	9	92500278	93441050	OK
1438	9	93441051	94175374	OK
1439	9	94175375	94924482	OK
1440	9	94924483	95854925	OK
1441	9	95854926	96670171	OK
1442	9	96670172	97418633	OK
1443	9	97418634	98885862	OK
1444	9	98885863	100310517	OK
1445	9	100310518	101596750	OK
1446	9	101596751	103165725	OK
1447	9	103165726	104222848	OK
1448	9	104222849	105043411	OK
1449	9	105043412	105846545	OK
1450	9	105846546	107061019	OK
1451	9	107061020	108203095	OK
1452	9	108203096	109150717	OK
1453	9	109150718	110630150	OK
1454	9	110630151	111368107	OK
1455	9	111368108	112076381	OK
1456	9	112076382	112865520	OK
1457	9	112865521	113646149	OK
1458	9	113646150	114443475	OK
1459	9	114443476	115390112	OK
1460	9	115390113	116159540	OK
1461	9	116159541	117054909	OK
1462	9	117054910	117989017	OK
1463	9	117989018	119001227	OK
1464	9	119001228	119890464	OK
1465	9	119890465	121008529	OK
1466	9	121008530	122677719	OK
1467	9	122677720	124119883	OK
1468	9	124119884	125137578	OK
1469	9	125137579	126092931	OK
1470	9	126092932	127184582	OK
1471	9	127184583	128785782	OK
1472	9	128785783	129617771	OK
1473	9	129617772	130902727	OK
1474	9	130902728	132193798	OK
1475	9	132193799	132999452	OK
1476	9	132999453	134141936	OK
1477	9	134141937	135135887	OK
1478	9	135135888	136042490	OK
1479	9	136042491	136770926	OK
1480	9	136770927	137593527	OK
1481	9	137593528	138202112	OK
1482	9	138202113	138995791	OK
1483	9	138995792	140097759	OK
1484	9	140097760	141146682	OK
1485	10	60515	1329232	OK
1486	10	1329233	1872960	OK
1487	10	1872961	2637065	OK
1488	10	2637066	3225336	OK
1489	10	3225337	3880322	OK
1490	10	3880323	4813182	OK
1491	10	4813183	5396242	OK
1492	10	5396243	6234718	OK
1493	10	6234719	6897037	OK
1494	10	6897038	7659872	OK
1495	10	7659873	8771920	OK
1496	10	8771921	10081279	OK
1497	10	10081280	10969481	OK
1498	10	10969482	11856924	OK
1499	10	11856925	12581571	OK
1500	10	12581572	13208061	OK
1501	10	13208062	14008135	OK
1502	10	14008136	14820755	OK
1503	10	14820756	15946677	OK
1504	10	15946678	17065860	OK
1505	10	17065861	18529742	OK
1506	10	18529743	19421514	OK
1507	10	19421515	19965624	OK
1508	10	19965625	20616432	OK
1509	10	20616433	21477692	OK
1510	10	21477693	23365685	OK
1511	10	23365686	24489447	OK
1512	10	24489448	25577761	OK
1513	10	25577762	26161974	OK
1514	10	26161975	26888716	OK
1515	10	26888717	27669566	OK
1516	10	27669567	28734422	OK
1517	10	28734423	29393749	OK
1518	10	29393750	30000223	OK
1519	10	30000224	30919469	OK
1520	10	30919470	32457293	OK
1521	10	32457294	33655458	OK
1522	10	33655459	35178224	OK
1523	10	35178225	36475838	OK
1524	10	36475839	37561443	OK
1525	10	37561444	38566460	OK
1526	10	38566461	42392742	OK
1527	10	42392743	42984427	OK
1528	10	42984428	43769842	OK
1529	10	43769843	44893846	OK
1530	10	44893847	46327144	OK
1531	10	46327145	49197320	OK
1532	10	49197321	50145673	OK
1533	10	50145674	51724039	OK
1534	10	51724040	53129609	OK
1535	10	53129610	53919161	OK
1536	10	53919162	55104428	OK
1537	10	55104429	55867694	OK
1538	10	55867695	57044845	OK
1539	10	57044846	57955671	OK
1540	10	57955672	58809133	OK
1541	10	58809134	59822946	OK
1542	10	59822947	61470383	OK
1543	10	61470384	62626465	OK
1544	10	62626466	64069687	OK
1545	10	64069688	65400431	OK
1546	10	65400432	66510387	OK
1547	10	66510388	67146043	OK
1548	10	67146044	67769822	OK
1549	10	67769823	68623274	OK
1550	10	68623275	69904170	OK
1551	10	69904171	71050504	OK
1552	10	71050505	71672997	OK
1553	10	71672998	72659223	OK
1554	10	72659224	73514214	OK
1555	10	73514215	75694023	OK
1556	10	75694024	77144961	OK
1557	10	77144962	78665481	OK
1558	10	78665482	79952996	OK
1559	10	79952997	81190573	OK
1560	10	81190574	81763230	OK
1561	10	81763231	82378048	OK
1562	10	82378049	83596350	OK
1563	10	83596351	84679429	OK
1564	10	84679430	85463484	OK
1565	10	85463485	86459980	OK
1566	10	86459981	87287935	OK
1567	10	87287936	88443652	OK
1568	10	88443653	89971628	OK
1569	10	89971629	91021321	OK
1570	10	91021322	91960435	OK
1571	10	91960436	92911506	OK
1572	10	92911507	94503299	OK
1573	10	94503300	95528160	OK
1574	10	95528161	97040172	OK
1575	10	97040173	98005994	OK
1576	10	98005995	99367800	OK
1577	10	99367801	100337830	OK
1578	10	100337831	101271451	OK
1579	10	101271452	102509298	OK
1580	10	102509299	104206837	OK
1581	10	104206838	106142283	OK
1582	10	106142284	107877787	OK
1583	10	107877788	108725997	OK
1584	10	108725998	109579149	OK
1585	10	109579150	110358382	OK
1586	10	110358383	112164981	OK
1587	10	112164982	113117615	OK
1588	10	113117616	114255954	OK
1589	10	114255955	115588903	OK
1590	10	115588904	116845213	OK
1591	10	116845214	118416049	OK
1592	10	118416050	119528730	OK
1593	10	119528731	120592839	OK
1594	10	120592840	121874445	OK
1595	10	121874446	122803506	OK
1596	10	122803507	123856184	OK
1597	10	123856185	124894142	OK
1598	10	124894143	125798319	OK
1599	10	125798320	126875816	OK
1600	10	126875817	127997708	OK
1601	10	127997709	129134738	OK
1602	10	129134739	129831969	OK
1603	10	129831970	130694008	OK
1604	10	130694009	131694738	OK
1605	10	131694739	132576793	OK
1606	10	132576794	133111170	OK
1607	10	133111171	133818036	OK
1608	10	133818037	134856054	OK
1609	10	134856055	135524372	OK
1610	11	87150	1061399	OK
1611	11	1061400	1857845	OK
1612	11	1857846	2477449	OK
1613	11	2477450	3362508	OK
1614	11	3362509	4405707	OK
1615	11	4405708	4946051	OK
1616	11	4946052	5533057	OK
1617	11	5533058	6180840	OK
1618	11	6180841	7191230	OK
1619	11	7191231	7915071	OK
1620	11	7915072	9080939	OK
1621	11	9080940	10370100	OK
1622	11	10370101	11081299	OK
1623	11	11081300	11632650	OK
1624	11	11632651	12470449	OK
1625	11	12470450	13364727	OK
1626	11	13364728	15126767	OK
1627	11	15126768	16383386	OK
1628	11	16383387	17583948	OK
1629	11	17583949	18740267	OK
1630	11	18740268	19780784	OK
1631	11	19780785	20686336	OK
1632	11	20686337	21442722	OK
1633	11	21442723	22368743	OK
1634	11	22368744	23164544	OK
1635	11	23164545	24091272	OK
1636	11	24091273	24892439	OK
1637	11	24892440	25662918	OK
1638	11	25662919	26356980	OK
1639	11	26356981	27018307	OK
1640	11	27018308	28577718	OK
1641	11	28577719	29530460	OK
1642	11	29530461	30570129	OK
1643	11	30570130	32065771	OK
1644	11	32065772	32830422	OK
1645	11	32830423	33905327	OK
1646	11	33905328	34672697	OK
1647	11	34672698	35500367	OK
1648	11	35500368	36331189	OK
1649	11	36331190	37119024	OK
1650	11	37119025	37953086	OK
1651	11	37953087	39329140	OK
1652	11	39329141	40362940	OK
1653	11	40362941	41603195	OK
1654	11	41603196	42858197	OK
1655	11	42858198	43949377	OK
1656	11	43949378	45019559	OK
1657	11	45019560	46316005	OK
1658	11	46316006	48066366	OK
1659	11	48066367	48765366	OK
1660	11	48765367	49386071	OK
1661	11	49386072	50217008	OK
1662	11	50217009	51098366	OK
1663	11	51098367	51581595	ERROR: no requested phenotype available after local variance filtering
1664	11	51581596	55477633	OK
1665	11	55477634	55947452	OK
1666	11	55947453	56623494	OK
1667	11	56623495	57675986	OK
1668	11	57675987	58452708	OK
1669	11	58452709	59256232	OK
1670	11	59256233	60515105	OK
1671	11	60515106	61717117	OK
1672	11	61717118	62800368	OK
1673	11	62800369	64594822	OK
1674	11	64594823	66782661	OK
1675	11	66782662	68000949	OK
1676	11	68000950	68887344	OK
1677	11	68887345	69713996	OK
1678	11	69713997	71242834	OK
1679	11	71242835	72875068	OK
1680	11	72875069	74399331	OK
1681	11	74399332	75445253	OK
1682	11	75445254	76518906	OK
1683	11	76518907	77719870	OK
1684	11	77719871	78912252	OK
1685	11	78912253	79802286	OK
1686	11	79802287	80726012	OK
1687	11	80726013	81658298	OK
1688	11	81658299	82833181	OK
1689	11	82833182	83677773	OK
1690	11	83677774	84613229	OK
1691	11	84613230	85869059	OK
1692	11	85869060	86629333	OK
1693	11	86629334	87676870	OK
1694	11	87676871	88359287	OK
1695	11	88359288	89209738	OK
1696	11	89209739	90199932	OK
1697	11	90199933	90967061	OK
1698	11	90967062	92209168	OK
1699	11	92209169	93576641	OK
1700	11	93576642	94384535	OK
1701	11	94384536	95327210	OK
1702	11	95327211	96150134	OK
1703	11	96150135	97091671	OK
1704	11	97091672	98145570	OK
1705	11	98145571	98929380	OK
1706	11	98929381	99619347	OK
1707	11	99619348	100423901	OK
1708	11	100423902	101152831	OK
1709	11	101152832	101881252	OK
1710	11	101881253	102671665	OK
1711	11	102671666	103495635	OK
1712	11	103495636	104875270	OK
1713	11	104875271	105932282	OK
1714	11	105932283	107054024	OK
1715	11	107054025	107846824	OK
1716	11	107846825	109891837	OK
1717	11	109891838	111117780	OK
1718	11	111117781	112755446	OK
1719	11	112755447	113889019	OK
1720	11	113889020	114742317	OK
1721	11	114742318	116247377	OK
1722	11	116247378	117295641	OK
1723	11	117295642	118901213	OK
1724	11	118901214	120064528	OK
1725	11	120064529	121208186	OK
1726	11	121208187	122589224	OK
1727	11	122589225	123398882	OK
1728	11	123398883	124403477	OK
1729	11	124403478	125266684	OK
1730	11	125266685	126304240	OK
1731	11	126304241	127306871	OK
1732	11	127306872	128262550	OK
1733	11	128262551	129451784	OK
1734	11	129451785	130500783	OK
1735	11	130500784	131424361	OK
1736	11	131424362	132584401	OK
1737	11	132584402	133521642	OK
1738	11	133521643	134351064	OK
1739	11	134351065	134946450	OK
1740	12	60317	1078397	OK
1741	12	1078398	1942426	OK
1742	12	1942427	3069506	OK
1743	12	3069507	3871114	OK
1744	12	3871115	4967643	OK
1745	12	4967644	6023700	OK
1746	12	6023701	6948954	OK
1747	12	6948955	8123317	OK
1748	12	8123318	8760628	OK
1749	12	8760629	10176713	OK
1750	12	10176714	10946140	OK
1751	12	10946141	11742149	OK
1752	12	11742150	12721874	OK
1753	12	12721875	13559527	OK
1754	12	13559528	14656849	OK
1755	12	14656850	16136742	OK
1756	12	16136743	17374895	OK
1757	12	17374896	18470023	OK
1758	12	18470024	19532765	OK
1759	12	19532766	20074930	OK
1760	12	20074931	20866285	OK
1761	12	20866286	21572252	OK
1762	12	21572253	22928055	OK
1763	12	22928056	23923798	OK
1764	12	23923799	25058714	OK
1765	12	25058715	25990813	OK
1766	12	25990814	26958056	OK
1767	12	26958057	27797262	OK
1768	12	27797263	28753585	OK
1769	12	28753586	29647193	OK
1770	12	29647194	30358377	OK
1771	12	30358378	31067298	OK
1772	12	31067299	31797152	OK
1773	12	31797153	32368905	OK
1774	12	32368906	33076722	OK
1775	12	33076723	34340495	OK
1776	12	34340496	38108284	OK
1777	12	38108285	38746760	OK
1778	12	38746761	40017396	OK
1779	12	40017397	41198229	OK
1780	12	41198230	42117736	OK
1781	12	42117737	43072679	OK
1782	12	43072680	43980531	OK
1783	12	43980532	44923825	OK
1784	12	44923826	46037744	OK
1785	12	46037745	47499603	OK
1786	12	47499604	48227035	OK
1787	12	48227036	48960265	OK
1788	12	48960266	50344346	OK
1789	12	50344347	51769419	OK
1790	12	51769420	53039987	OK
1791	12	53039988	54371448	OK
1792	12	54371449	55416802	OK
1793	12	55416803	56987105	OK
1794	12	56987106	58748139	OK
1795	12	58748140	60000363	OK
1796	12	60000364	61737953	OK
1797	12	61737954	63055936	OK
1798	12	63055937	63764111	OK
1799	12	63764112	64403857	OK
1800	12	64403858	66114643	OK
1801	12	66114644	67183620	OK
1802	12	67183621	68006682	OK
1803	12	68006683	68839661	OK
1804	12	68839662	70097805	OK
1805	12	70097806	71177961	OK
1806	12	71177962	71948185	OK
1807	12	71948186	73154515	OK
1808	12	73154516	74080747	OK
1809	12	74080748	75563968	OK
1810	12	75563969	76524573	OK
1811	12	76524574	77800463	OK
1812	12	77800464	79315178	OK
1813	12	79315179	80952472	OK
1814	12	80952473	81843890	OK
1815	12	81843891	82576129	OK
1816	12	82576130	83551125	OK
1817	12	83551126	84356775	OK
1818	12	84356776	85345631	OK
1819	12	85345632	86933476	OK
1820	12	86933477	88344764	OK
1821	12	88344765	90567001	OK
1822	12	90567002	92061179	OK
1823	12	92061180	93487547	OK
1824	12	93487548	94385884	OK
1825	12	94385885	95147845	OK
1826	12	95147846	96017782	OK
1827	12	96017783	96828314	OK
1828	12	96828315	97814021	OK
1829	12	97814022	99244337	OK
1830	12	99244338	100931423	OK
1831	12	100931424	101825061	OK
1832	12	101825062	102966633	OK
1833	12	102966634	104140831	OK
1834	12	104140832	105079100	OK
1835	12	105079101	106153787	OK
1836	12	106153788	106964977	OK
1837	12	106964978	108183188	OK
1838	12	108183189	109031819	OK
1839	12	109031820	110111514	OK
1840	12	110111515	111592381	OK
1841	12	111592382	113947983	OK
1842	12	113947984	114685670	OK
1843	12	114685671	115439451	OK
1844	12	115439452	116197675	OK
1845	12	116197676	117091843	OK
1846	12	117091844	118256124	OK
1847	12	118256125	119301061	OK
1848	12	119301062	120567740	OK
1849	12	120567741	121817509	OK
1850	12	121817510	123396634	OK
1851	12	123396635	124843768	OK
1852	12	124843769	126079935	OK
1853	12	126079936	126871452	OK
1854	12	126871453	127545377	OK
1855	12	127545378	128372588	OK
1856	12	128372589	129170296	OK
1857	12	129170297	129887418	OK
1858	12	129887419	130629840	OK
1859	12	130629841	131404042	OK
1860	12	131404043	132012316	OK
1861	12	132012317	132957945	OK
1862	12	132957946	133841814	OK
1863	13	19020095	19648628	OK
1864	13	19648629	20491181	OK
1865	13	20491182	21540733	OK
1866	13	21540734	22795188	OK
1867	13	22795189	23729049	OK
1868	13	23729050	24818333	OK
1869	13	24818334	25977140	OK
1870	13	25977141	26681709	OK
1871	13	26681710	27392005	OK
1872	13	27392006	28587125	OK
1873	13	28587126	30068525	OK
1874	13	30068526	31433218	OK
1875	13	31433219	32986686	OK
1876	13	32986687	34722391	OK
1877	13	34722392	35744568	OK
1878	13	35744569	36579413	OK
1879	13	36579414	37499810	OK
1880	13	37499811	38290689	OK
1881	13	38290690	39381743	OK
1882	13	39381744	40091623	OK
1883	13	40091624	41003943	OK
1884	13	41003944	42037054	OK
1885	13	42037055	42950157	OK
1886	13	42950158	43931931	OK
1887	13	43931932	45476446	OK
1888	13	45476447	46493236	OK
1889	13	46493237	47433528	OK
1890	13	47433529	48137479	OK
1891	13	48137480	49381727	OK
1892	13	49381728	50419896	OK
1893	13	50419897	51554236	OK
1894	13	51554237	53336571	OK
1895	13	53336572	54684856	OK
1896	13	54684857	55576912	OK
1897	13	55576913	56434007	OK
1898	13	56434008	58245843	OK
1899	13	58245844	59751795	OK
1900	13	59751796	61268155	OK
1901	13	61268156	62135827	OK
1902	13	62135828	63206535	OK
1903	13	63206536	63973941	OK
1904	13	63973942	65187138	OK
1905	13	65187139	66382286	OK
1906	13	66382287	67718879	OK
1907	13	67718880	69004702	OK
1908	13	69004703	69751491	OK
1909	13	69751492	70427880	OK
1910	13	70427881	71010208	OK
1911	13	71010209	71976862	OK
1912	13	71976863	73114509	OK
1913	13	73114510	74437635	OK
1914	13	74437636	75882384	OK
1915	13	75882385	76671493	OK
1916	13	76671494	77460044	OK
1917	13	77460045	78693310	OK
1918	13	78693311	79489045	OK
1919	13	79489046	80778339	OK
1920	13	80778340	81724089	OK
1921	13	81724090	82582821	OK
1922	13	82582822	83829835	OK
1923	13	83829836	85035400	OK
1924	13	85035401	85650680	OK
1925	13	85650681	86321288	OK
1926	13	86321289	87043588	OK
1927	13	87043589	88029523	OK
1928	13	88029524	88968400	OK
1929	13	88968401	89764426	OK
1930	13	89764427	90518147	OK
1931	13	90518148	91764204	OK
1932	13	91764205	93285142	OK
1933	13	93285143	94925136	OK
1934	13	94925137	96132647	OK
1935	13	96132648	97516609	OK
1936	13	97516610	98527335	OK
1937	13	98527336	99402294	OK
1938	13	99402295	100470868	OK
1939	13	100470869	101573736	OK
1940	13	101573737	103050417	OK
1941	13	103050418	104378435	OK
1942	13	104378436	105672500	OK
1943	13	105672501	106313847	OK
1944	13	106313848	107037864	OK
1945	13	107037865	108521978	OK
1946	13	108521979	109156765	OK
1947	13	109156766	109813576	OK
1948	13	109813577	110995432	OK
1949	13	110995433	111621244	OK
1950	13	111621245	112319064	OK
1951	13	112319065	113573118	OK
1952	13	113573119	114302561	OK
1953	13	114302562	115109851	OK
1954	14	19000059	20876080	OK
1955	14	20876081	21982654	OK
1956	14	21982655	22760700	OK
1957	14	22760701	23985936	OK
1958	14	23985937	24906056	OK
1959	14	24906057	25585041	OK
1960	14	25585042	26395690	OK
1961	14	26395691	27720240	OK
1962	14	27720241	29029224	OK
1963	14	29029225	30831154	OK
1964	14	30831155	32382245	OK
1965	14	32382246	33591113	OK
1966	14	33591114	34695195	OK
1967	14	34695196	35379988	OK
1968	14	35379989	36422077	OK
1969	14	36422078	37282012	OK
1970	14	37282013	38722114	OK
1971	14	38722115	40343754	OK
1972	14	40343755	40965849	OK
1973	14	40965850	41614833	OK
1974	14	41614834	42562550	OK
1975	14	42562551	43321168	OK
1976	14	43321169	44623273	OK
1977	14	44623274	45817082	OK
1978	14	45817083	46748238	OK
1979	14	46748239	48177483	OK
1980	14	48177484	49002065	OK
1981	14	49002066	50500564	OK
1982	14	50500565	51418371	OK
1983	14	51418372	52206122	OK
1984	14	52206123	52760553	OK
1985	14	52760554	54359598	OK
1986	14	54359599	55292832	OK
1987	14	55292833	56206430	OK
1988	14	56206431	57460781	OK
1989	14	57460782	58447798	OK
1990	14	58447799	59447537	OK
1991	14	59447538	60099482	OK
1992	14	60099483	61652816	OK
1993	14	61652817	62717985	OK
1994	14	62717986	64033237	OK
1995	14	64033238	65229391	OK
1996	14	65229392	66300066	OK
1997	14	66300067	67891839	OK
1998	14	67891840	68976912	OK
1999	14	68976913	69794542	OK
2000	14	69794543	71140426	OK
2001	14	71140427	72665319	OK
2002	14	72665320	73373373	OK
2003	14	73373374	74245428	OK
2004	14	74245429	75699501	OK
2005	14	75699502	76694201	OK
2006	14	76694202	77425453	OK
2007	14	77425454	78374053	OK
2008	14	78374054	79199451	OK
2009	14	79199452	81001920	OK
2010	14	81001921	82524785	OK
2011	14	82524786	84087372	OK
2012	14	84087373	85562936	OK
2013	14	85562937	86653343	OK
2014	14	86653344	87350275	OK
2015	14	87350276	88208595	OK
2016	14	88208596	89482883	OK
2017	14	89482884	90662836	OK
2018	14	90662837	92101228	OK
2019	14	92101229	93386328	OK
2020	14	93386329	94892240	OK
2021	14	94892241	95946792	OK
2022	14	95946793	97174314	OK
2023	14	97174315	98268391	OK
2024	14	98268392	98885322	OK
2025	14	98885323	99474533	OK
2026	14	99474534	100786189	OK
2027	14	100786190	102004377	OK
2028	14	102004378	103617472	OK
2029	14	103617473	104439106	OK
2030	14	104439107	105091340	OK
2031	14	105091341	106347143	OK
2032	14	106347144	106876548	ERROR: no requested phenotype available after local variance filtering
2033	14	106876549	107289435	OK
2034	15	20000205	22799926	OK
2035	15	22799927	24099946	OK
2036	15	24099947	24531187	OK
2037	15	24531188	25384327	OK
2038	15	25384328	26392947	OK
2039	15	26392948	27563172	OK
2040	15	27563173	29141035	OK
2041	15	29141036	30604119	OK
2042	15	30604120	32177320	OK
2043	15	32177321	33484267	OK
2044	15	33484268	34410072	OK
2045	15	34410073	35118927	OK
2046	15	35118928	36583327	OK
2047	15	36583328	37962915	OK
2048	15	37962916	39238840	OK
2049	15	39238841	40604780	OK
2050	15	40604781	42332685	OK
2051	15	42332686	44987755	OK
2052	15	44987756	46022642	OK
2053	15	46022643	46884071	OK
2054	15	46884072	47693316	OK
2055	15	47693317	49260006	OK
2056	15	49260007	50195876	OK
2057	15	50195877	51605477	OK
2058	15	51605478	53263126	OK
2059	15	53263127	54332799	OK
2060	15	54332800	55136717	OK
2061	15	55136718	56322588	OK
2062	15	56322589	57641164	OK
2063	15	57641165	58712954	OK
2064	15	58712955	59901116	OK
2065	15	59901117	61130595	OK
2066	15	61130596	62106138	OK
2067	15	62106139	63218978	OK
2068	15	63218979	64339945	OK
2069	15	64339946	66355634	OK
2070	15	66355635	67396520	OK
2071	15	67396521	69089815	OK
2072	15	69089816	70767983	OK
2073	15	70767984	72058129	OK
2074	15	72058130	73375718	OK
2075	15	73375719	74458113	OK
2076	15	74458114	76401952	OK
2077	15	76401953	77897163	OK
2078	15	77897164	78514101	OK
2079	15	78514102	79292536	OK
2080	15	79292537	79998206	OK
2081	15	79998207	81077025	OK
2082	15	81077026	82191077	OK
2083	15	82191078	84209760	OK
2084	15	84209761	85494083	OK
2085	15	85494084	86341598	OK
2086	15	86341599	87158587	OK
2087	15	87158588	88035757	OK
2088	15	88035758	89385187	OK
2089	15	89385188	90632718	OK
2090	15	90632719	91593623	OK
2091	15	91593624	92675405	OK
2092	15	92675406	93707010	OK
2093	15	93707011	94565521	OK
2094	15	94565522	95662425	OK
2095	15	95662426	96864278	OK
2096	15	96864279	98025684	OK
2097	15	98025685	98828261	OK
2098	15	98828262	99925972	OK
2099	15	99925973	100742117	OK
2100	15	100742118	101550750	OK
2101	15	101550751	102520975	OK
2102	16	60169	1049079	OK
2103	16	1049080	1996492	OK
2104	16	1996493	3379996	OK
2105	16	3379997	4816145	OK
2106	16	4816146	5782968	OK
2107	16	5782969	6446081	OK
2108	16	6446082	7051429	OK
2109	16	7051430	7704354	OK
2110	16	7704355	8341012	OK
2111	16	8341013	9104469	OK
2112	16	9104470	9754796	OK
2113	16	9754797	10351808	OK
2114	16	10351809	11022542	OK
2115	16	11022543	11916631	OK
2116	16	11916632	12793149	OK
2117	16	12793150	13893407	OK
2118	16	13893408	15921108	OK
2119	16	15921109	17343277	OK
2120	16	17343278	19104257	OK
2121	16	19104258	20351261	OK
2122	16	20351262	22667048	OK
2123	16	22667049	24014705	OK
2124	16	24014706	25235251	OK
2125	16	25235252	26154122	OK
2126	16	26154123	27443061	OK
2127	16	27443062	29043177	OK
2128	16	29043178	31384210	OK
2129	16	31384211	32847928	OK
2130	16	32847929	35259453	OK
2131	16	35259454	49010761	OK
2132	16	49010762	50467033	OK
2133	16	50467034	52041336	OK
2134	16	52041337	53393882	OK
2135	16	53393883	54866095	OK
2136	16	54866096	55907389	OK
2137	16	55907390	57119889	OK
2138	16	57119890	58508978	OK
2139	16	58508979	59885499	OK
2140	16	59885500	61092844	OK
2141	16	61092845	62607090	OK
2142	16	62607091	64207176	OK
2143	16	64207177	65072403	OK
2144	16	65072404	65882820	OK
2145	16	65882821	66738843	OK
2146	16	66738844	68435728	OK
2147	16	68435729	69549149	OK
2148	16	69549150	71062712	OK
2149	16	71062713	72089511	OK
2150	16	72089512	73140781	OK
2151	16	73140782	74135275	OK
2152	16	74135276	74889127	OK
2153	16	74889128	75525959	OK
2154	16	75525960	76635467	OK
2155	16	76635468	77270665	OK
2156	16	77270666	77739132	OK
2157	16	77739133	78280636	OK
2158	16	78280637	78973580	OK
2159	16	78973581	79662634	OK
2160	16	79662635	80559685	OK
2161	16	80559686	81437861	OK
2162	16	81437862	82310204	OK
2163	16	82310205	83077869	OK
2164	16	83077870	83778371	OK
2165	16	83778372	84440154	OK
2166	16	84440155	85146805	OK
2167	16	85146806	86058597	OK
2168	16	86058598	86748867	OK
2169	16	86748868	87669168	OK
2170	16	87669169	88387228	OK
2171	16	88387229	89106304	OK
2172	16	89106305	90292787	OK
2173	17	52	815653	OK
2174	17	815654	1480056	OK
2175	17	1480057	2699135	OK
2176	17	2699136	3430440	OK
2177	17	3430441	4463971	OK
2178	17	4463972	5573784	OK
2179	17	5573785	6305078	OK
2180	17	6305079	7264458	OK
2181	17	7264459	8554763	OK
2182	17	8554764	9619356	OK
2183	17	9619357	10572617	OK
2184	17	10572618	11778164	OK
2185	17	11778165	12676353	OK
2186	17	12676354	13648446	OK
2187	17	13648447	14508610	OK
2188	17	14508611	15308722	OK
2189	17	15308723	16405207	OK
2190	17	16405208	17326540	OK
2191	17	17326541	18900978	OK
2192	17	18900979	20402494	OK
2193	17	20402495	21432873	OK
2194	17	21432874	25872110	OK
2195	17	25872111	27344401	OK
2196	17	27344402	29783141	OK
2197	17	29783142	31318753	OK
2198	17	31318754	32356061	OK
2199	17	32356062	33614189	OK
2200	17	33614190	34474611	OK
2201	17	34474612	36116884	OK
2202	17	36116885	37361178	OK
2203	17	37361179	38880481	OK
2204	17	38880482	40233545	OK
2205	17	40233546	42348003	OK
2206	17	42348004	43460500	OK
2207	17	43460501	44865832	OK
2208	17	44865833	45883901	OK
2209	17	45883902	47516224	OK
2210	17	47516225	48722590	OK
2211	17	48722591	49909298	OK
2212	17	49909299	51110385	OK
2213	17	51110386	52102649	OK
2214	17	52102650	53468006	OK
2215	17	53468007	54950107	OK
2216	17	54950108	56245227	OK
2217	17	56245228	58652809	OK
2218	17	58652810	60453120	OK
2219	17	60453121	62112373	OK
2220	17	62112374	63548724	OK
2221	17	63548725	64438387	OK
2222	17	64438388	65582327	OK
2223	17	65582328	66757556	OK
2224	17	66757557	68176219	OK
2225	17	68176220	69245590	OK
2226	17	69245591	70495119	OK
2227	17	70495120	71466953	OK
2228	17	71466954	72383472	OK
2229	17	72383473	73741321	OK
2230	17	73741322	74908266	OK
2231	17	74908267	75619256	OK
2232	17	75619257	76596287	OK
2233	17	76596288	77412786	OK
2234	17	77412787	78438332	OK
2235	17	78438333	79333774	OK
2236	17	79333775	80459149	OK
2237	17	80459150	81192460	OK
2238	18	10719	848350	OK
2239	18	848351	1940211	OK
2240	18	1940212	2839842	OK
2241	18	2839843	3722828	OK
2242	18	3722829	4603961	OK
2243	18	4603962	5575812	OK
2244	18	5575813	6756496	OK
2245	18	6756497	7862479	OK
2246	18	7862480	8788524	OK
2247	18	8788525	9816164	OK
2248	18	9816165	10675548	OK
2249	18	10675549	11872226	OK
2250	18	11872227	12735558	OK
2251	18	12735559	13641479	OK
2252	18	13641480	14439251	OK
2253	18	14439252	15220934	OK
2254	18	15220935	20009696	OK
2255	18	20009697	21622716	OK
2256	18	21622717	22746153	OK
2257	18	22746154	24088163	OK
2258	18	24088164	25305260	OK
2259	18	25305261	26861067	OK
2260	18	26861068	27823155	OK
2261	18	27823156	28792734	OK
2262	18	28792735	30401128	OK
2263	18	30401129	32458907	OK
2264	18	32458908	34153297	OK
2265	18	34153298	36056932	OK
2266	18	36056933	37679127	OK
2267	18	37679128	38498381	OK
2268	18	38498382	39410165	OK
2269	18	39410166	40471407	OK
2270	18	40471408	41425454	OK
2271	18	41425455	42974165	OK
2272	18	42974166	44300145	OK
2273	18	44300146	45718492	OK
2274	18	45718493	46558306	OK
2275	18	46558307	47455925	OK
2276	18	47455926	48228379	OK
2277	18	48228380	49790996	OK
2278	18	49790997	50372823	OK
2279	18	50372824	51060986	OK
2280	18	51060987	52512523	OK
2281	18	52512524	53762996	OK
2282	18	53762997	54957867	OK
2283	18	54957868	55809315	OK
2284	18	55809316	56832312	OK
2285	18	56832313	57635821	OK
2286	18	57635822	58527236	OK
2287	18	58527237	59449422	OK
2288	18	59449423	60780194	OK
2289	18	60780195	62074993	OK
2290	18	62074994	63109755	OK
2291	18	63109756	64253143	OK
2292	18	64253144	65294195	OK
2293	18	65294196	66407960	OK
2294	18	66407961	67195980	OK
2295	18	67195981	68051035	OK
2296	18	68051036	69311742	OK
2297	18	69311743	70540349	OK
2298	18	70540350	71491860	OK
2299	18	71491861	72785206	OK
2300	18	72785207	73568260	OK
2301	18	73568261	74471745	OK
2302	18	74471746	75240760	OK
2303	18	75240761	76231685	OK
2304	18	76231686	77148137	OK
2305	18	77148138	78017072	OK
2306	19	64705	762046	OK
2307	19	762047	1515920	OK
2308	19	1515921	2253174	OK
2309	19	2253175	3085446	OK
2310	19	3085447	3893909	OK
2311	19	3893910	4741718	OK
2312	19	4741719	5478684	OK
2313	19	5478685	6455428	OK
2314	19	6455429	7249359	OK
2315	19	7249360	8199016	OK
2316	19	8199017	9105577	OK
2317	19	9105578	10028840	OK
2318	19	10028841	11681978	OK
2319	19	11681979	13213186	OK
2320	19	13213187	13968319	OK
2321	19	13968320	14891100	OK
2322	19	14891101	15650185	OK
2323	19	15650186	16079006	OK
2324	19	16079007	17045963	OK
2325	19	17045964	17750518	OK
2326	19	17750519	18504867	OK
2327	19	18504868	19749166	OK
2328	19	19749167	20485499	OK
2329	19	20485500	21155862	OK
2330	19	21155863	21822653	OK
2331	19	21822654	22729408	OK
2332	19	22729409	23468992	OK
2333	19	23468993	24567341	OK
2334	19	24567342	28555845	OK
2335	19	28555846	29389090	OK
2336	19	29389091	30375792	OK
2337	19	30375793	31763008	OK
2338	19	31763009	33028099	OK
2339	19	33028100	33785835	OK
2340	19	33785836	34633274	OK
2341	19	34633275	35649343	OK
2342	19	35649344	36638122	OK
2343	19	36638123	38472870	OK
2344	19	38472871	39370419	OK
2345	19	39370420	40171413	OK
2346	19	40171414	41004105	OK
2347	19	41004106	41733463	OK
2348	19	41733464	43317282	OK
2349	19	43317283	43960958	OK
2350	19	43960959	45040932	OK
2351	19	45040933	45893307	OK
2352	19	45893308	46765060	OK
2353	19	46765061	47752727	OK
2354	19	47752728	48573065	OK
2355	19	48573066	49415189	OK
2356	19	49415190	50451925	OK
2357	19	50451926	51259178	OK
2358	19	51259179	51903804	OK
2359	19	51903805	52678748	OK
2360	19	52678749	53431217	OK
2361	19	53431218	54042240	OK
2362	19	54042241	54602370	OK
2363	19	54602371	55182973	OK
2364	19	55182974	55714085	OK
2365	19	55714086	56411086	OK
2366	19	56411087	57143509	OK
2367	19	57143510	57959952	OK
2368	19	57959953	59118811	OK
2369	20	60795	884241	OK
2370	20	884242	1771285	OK
2371	20	1771286	2668108	OK
2372	20	2668109	3736551	OK
2373	20	3736552	4591847	OK
2374	20	4591848	5379450	OK
2375	20	5379451	6128358	OK
2376	20	6128359	7231796	OK
2377	20	7231797	7959828	OK
2378	20	7959829	9279550	OK
2379	20	9279551	10279603	OK
2380	20	10279604	11257012	OK
2381	20	11257013	12353961	OK
2382	20	12353962	13202335	OK
2383	20	13202336	14203755	OK
2384	20	14203756	15238519	OK
2385	20	15238520	15962576	OK
2386	20	15962577	16661516	OK
2387	20	16661517	17359290	OK
2388	20	17359291	18058524	OK
2389	20	18058525	18959419	OK
2390	20	18959420	19957928	OK
2391	20	19957929	21682377	OK
2392	20	21682378	22780956	OK
2393	20	22780957	23808562	OK
2394	20	23808563	24487128	OK
2395	20	24487129	25181038	OK
2396	20	25181039	26318858	OK
2397	20	26318859	30569659	OK
2398	20	30569660	32484506	OK
2399	20	32484507	33890060	OK
2400	20	33890061	35990261	OK
2401	20	35990262	37253657	OK
2402	20	37253658	38427594	OK
2403	20	38427595	40272390	OK
2404	20	40272391	41351514	OK
2405	20	41351515	42185671	OK
2406	20	42185672	43008890	OK
2407	20	43008891	44072210	OK
2408	20	44072211	45673603	OK
2409	20	45673604	46486132	OK
2410	20	46486133	47203836	OK
2411	20	47203837	48212975	OK
2412	20	48212976	49236418	OK
2413	20	49236419	50653620	OK
2414	20	50653621	51533750	OK
2415	20	51533751	52411532	OK
2416	20	52411533	53120334	OK
2417	20	53120335	53879803	OK
2418	20	53879804	54743694	OK
2419	20	54743695	55448075	OK
2420	20	55448076	56172843	OK
2421	20	56172844	56951773	OK
2422	20	56951774	57924037	OK
2423	20	57924038	58780894	OK
2424	20	58780895	59560457	OK
2425	20	59560458	60125333	OK
2426	20	60125334	60766557	OK
2427	20	60766558	61470768	OK
2428	20	61470769	62179241	OK
2429	20	62179242	62963627	OK
2430	21	9411245	15026792	OK
2431	21	15026793	15840033	OK
2432	21	15840034	16873443	OK
2433	21	16873444	18222037	OK
2434	21	18222038	19479024	OK
2435	21	19479025	20407307	OK
2436	21	20407308	21632916	OK
2437	21	21632917	22201890	OK
2438	21	22201891	23266941	OK
2439	21	23266942	24055941	OK
2440	21	24055942	25247986	OK
2441	21	25247987	26467826	OK
2442	21	26467827	27774350	OK
2443	21	27774351	28616539	OK
2444	21	28616540	29449870	OK
2445	21	29449871	30847296	OK
2446	21	30847297	32202239	OK
2447	21	32202240	33270272	OK
2448	21	33270273	34383794	OK
2449	21	34383795	35729261	OK
2450	21	35729262	37303548	OK
2451	21	37303549	38046449	OK
2452	21	38046450	39252059	OK
2453	21	39252060	40480831	OK
2454	21	40480832	41344742	OK
2455	21	41344743	42187152	OK
2456	21	42187153	43081434	OK
2457	21	43081435	43812791	OK
2458	21	43812792	44815008	OK
2459	21	44815009	46045433	OK
2460	21	46045434	47014880	OK
2461	21	47014881	48119633	OK
2462	22	16050213	17587474	OK
2463	22	17587475	18535225	OK
2464	22	18535226	19635654	OK
2465	22	19635655	20969184	OK
2466	22	20969185	22404422	OK
2467	22	22404423	23143364	OK
2468	22	23143365	23950732	OK
2469	22	23950733	25282436	OK
2470	22	25282437	26166934	OK
2471	22	26166935	27192923	OK
2472	22	27192924	27952441	OK
2473	22	27952442	29457601	OK
2474	22	29457602	30962255	OK
2475	22	30962256	31904549	OK
2476	22	31904550	32662293	OK
2477	22	32662294	33501725	OK
2478	22	33501726	34361897	OK
2479	22	34361898	35368341	OK
2480	22	35368342	36135968	OK
2481	22	36135969	37364004	OK
2482	22	37364005	38718589	OK
2483	22	38718590	40378783	OK
2484	22	40378784	41722787	OK
2485	22	41722788	42867927	OK
2486	22	42867928	43574017	OK
2487	22	43574018	44409533	OK
2488	22	44409534	45170649	OK
2489	22	45170650	46351048	OK
2490	22	46351049	47299625	OK
2491	22	47299626	48269177	OK
2492	22	48269178	48977538	OK
2493	22	48977539	49559207	OK
2494	22	49559208	50347996	OK
2495	22	50347997	51244236	OK
