item	original	revised	status	location
0.0118	1	1	MATCH	main manuscript before references
0.0255	1	1	MATCH	main manuscript before references
0.0274	1	1	MATCH	main manuscript before references
0.0409	1	1	MATCH	main manuscript before references
0.0449	1	1	MATCH	main manuscript before references
0.0479	1	1	MATCH	main manuscript before references
0.0751	1	1	MATCH	main manuscript before references
0.0787	1	1	MATCH	main manuscript before references
0.1732	1	1	MATCH	main manuscript before references
0.2078	1	1	MATCH	main manuscript before references
0.2233	1	1	MATCH	main manuscript before references
0.2717	1	1	MATCH	main manuscript before references
0.375	2	2	MATCH	main manuscript before references
0.455	1	1	MATCH	main manuscript before references
0.485	1	2	MATCH	main manuscript before references
0.489	2	2	MATCH	main manuscript before references
0.491	2	2	MATCH	main manuscript before references
0.496	2	2	MATCH	main manuscript before references
0.5	1	1	MATCH	main manuscript before references
0.50	1	1	MATCH	main manuscript before references
0.502	2	2	MATCH	main manuscript before references
0.505	1	2	MATCH	main manuscript before references
0.506	2	2	MATCH	main manuscript before references
0.518	2	2	MATCH	main manuscript before references
0.546	2	2	MATCH	main manuscript before references
0.562	2	2	MATCH	main manuscript before references
0.565	2	2	MATCH	main manuscript before references
0.577	1	1	MATCH	main manuscript before references
0.595	2	2	MATCH	main manuscript before references
0.597	1	1	MATCH	main manuscript before references
0.6315	1	1	MATCH	main manuscript before references
0.639	2	2	MATCH	main manuscript before references
0.6508	1	1	MATCH	main manuscript before references
0.6647	1	1	MATCH	main manuscript before references
0.688	2	2	MATCH	main manuscript before references
0.746	1	1	MATCH	main manuscript before references
0.75	1	1	MATCH	main manuscript before references
0.754	2	2	MATCH	main manuscript before references
0.7912	1	1	MATCH	main manuscript before references
0.8	2	2	MATCH	main manuscript before references
0.80	2	2	MATCH	main manuscript before references
0.934	1	1	MATCH	main manuscript before references
0.945	2	2	MATCH	main manuscript before references
0.960	3	3	MATCH	main manuscript before references
0.971	2	2	MATCH	main manuscript before references
0009	2	2	MATCH	main manuscript before references
01017	1	1	MATCH	main manuscript before references
01325	1	1	MATCH	main manuscript before references
019	1	1	MATCH	main manuscript before references
020	1	1	MATCH	main manuscript before references
0218	1	1	MATCH	main manuscript before references
022	2	2	MATCH	main manuscript before references
023	1	1	MATCH	main manuscript before references
025	3	3	MATCH	main manuscript before references
02552	1	1	MATCH	main manuscript before references
026	3	3	MATCH	main manuscript before references
04126	1	1	MATCH	main manuscript before references
1	12	11	MATCH	main manuscript before references
1.1	2	2	MATCH	main manuscript before references
1.1715	1	1	MATCH	main manuscript before references
1.434e-09	1	1	MATCH	main manuscript before references
10	6	6	MATCH	main manuscript before references
10.1016	4	4	MATCH	main manuscript before references
10.1038	11	11	MATCH	main manuscript before references
10.1111	1	1	MATCH	main manuscript before references
10.1126	2	2	MATCH	main manuscript before references
10.1371	2	2	MATCH	main manuscript before references
10.15252	1	1	MATCH	main manuscript before references
100	2	1	MATCH	main manuscript before references
100333	1	1	MATCH	main manuscript before references
1004219	1	1	MATCH	main manuscript before references
1004383	1	1	MATCH	main manuscript before references
10627	1	1	MATCH	main manuscript before references
109	2	1	MATCH	main manuscript before references
11	5	5	MATCH	main manuscript before references
113	3	3	MATCH	main manuscript before references
118	1	1	MATCH	main manuscript before references
12	2	2	MATCH	main manuscript before references
12,194	1	1	MATCH	main manuscript before references
12,366	1	1	MATCH	main manuscript before references
122,733	1	1	MATCH	main manuscript before references
1236	1	1	MATCH	main manuscript before references
1241	1	1	MATCH	main manuscript before references
13	3	3	MATCH	main manuscript before references
131	2	2	MATCH	main manuscript before references
1318	1	1	MATCH	main manuscript before references
1330	1	1	MATCH	main manuscript before references
14	5	5	MATCH	main manuscript before references
14509	4	3	MATCH	main manuscript before references
146	1	1	MATCH	main manuscript before references
15	3	2	MATCH	main manuscript before references
16	3	3	MATCH	main manuscript before references
17	6	5	MATCH	main manuscript before references
1793	1	1	MATCH	main manuscript before references
18	4	3	MATCH	main manuscript before references
1849	1	1	MATCH	main manuscript before references
19	3	3	MATCH	main manuscript before references
2	15	15	MATCH	main manuscript before references
2.498e-10	1	1	MATCH	main manuscript before references
2.868e-09	1	1	MATCH	main manuscript before references
20	3	3	MATCH	main manuscript before references
2012	1	1	MATCH	main manuscript before references
2012.02	1	1	MATCH	main manuscript before references
2014	1	1	MATCH	main manuscript before references
2015	3	3	MATCH	main manuscript before references
2015.10	1	1	MATCH	main manuscript before references
2016	1	1	MATCH	main manuscript before references
20178124	1	1	MATCH	main manuscript before references
2018	1	1	MATCH	main manuscript before references
2020	1	1	MATCH	main manuscript before references
2022	2	2	MATCH	main manuscript before references
2023	2	2	MATCH	main manuscript before references
2024.100333	1	1	MATCH	main manuscript before references
2025	3	3	MATCH	main manuscript before references
2026	7	6	MATCH	main manuscript before references
2026.06	1	1	MATCH	main manuscript before references
2051	1	1	MATCH	main manuscript before references
21	3	3	MATCH	main manuscript before references
21,286	1	1	MATCH	main manuscript before references
212574	1	1	MATCH	main manuscript before references
2251	1	1	MATCH	main manuscript before references
23	2	2	MATCH	main manuscript before references
24	1	1	MATCH	main manuscript before references
274	1	1	MATCH	main manuscript before references
28,072	1	1	MATCH	main manuscript before references
282	1	1	MATCH	main manuscript before references
3	7	5	MATCH	main manuscript before references
30	1	1	MATCH	main manuscript before references
31	1	1	MATCH	main manuscript before references
32	1	1	MATCH	main manuscript before references
33	3	2	MATCH	main manuscript before references
33,609	1	1	MATCH	main manuscript before references
34	1	1	MATCH	main manuscript before references
3406	1	1	MATCH	main manuscript before references
34323	1	1	MATCH	main manuscript before references
3455	1	1	MATCH	main manuscript before references
3538	1	1	MATCH	main manuscript before references
36	2	2	MATCH	main manuscript before references
36,466	2	1	MATCH	main manuscript before references
369	1	1	MATCH	main manuscript before references
39020	1	1	MATCH	main manuscript before references
4	8	8	MATCH	main manuscript before references
4.048e-54	1	1	MATCH	main manuscript before references
4.820e-08	1	1	MATCH	main manuscript before references
40	1	1	MATCH	main manuscript before references
424,528	1	1	MATCH	main manuscript before references
4410	1	1	MATCH	main manuscript before references
458,078	2	1	MATCH	main manuscript before references
47	1	1	MATCH	main manuscript before references
48	1	1	MATCH	main manuscript before references
481	1	1	MATCH	main manuscript before references
487	1	1	MATCH	main manuscript before references
49	1	1	MATCH	main manuscript before references
5	6	6	MATCH	main manuscript before references
5,065	1	1	MATCH	main manuscript before references
51	1	1	MATCH	main manuscript before references
54	1	1	MATCH	main manuscript before references
56719	1	1	MATCH	main manuscript before references
57	2	2	MATCH	main manuscript before references
58	1	1	MATCH	main manuscript before references
6	5	5	MATCH	main manuscript before references
6.746e-55	1	1	MATCH	main manuscript before references
633	1	1	MATCH	main manuscript before references
636	1	1	MATCH	main manuscript before references
642	1	1	MATCH	main manuscript before references
644	1	1	MATCH	main manuscript before references
647	1	1	MATCH	main manuscript before references
65	1	1	MATCH	main manuscript before references
6565	1	1	MATCH	main manuscript before references
68564	1	1	MATCH	main manuscript before references
7	3	3	MATCH	main manuscript before references
7.229e-08	1	1	MATCH	main manuscript before references
7.494e-10	1	1	MATCH	main manuscript before references
70158	1	1	MATCH	main manuscript before references
76	3	3	MATCH	main manuscript before references
8	6	6	MATCH	main manuscript before references
816	1	1	MATCH	main manuscript before references
836	1	1	MATCH	main manuscript before references
887	2	2	MATCH	main manuscript before references
9	4	4	MATCH	main manuscript before references
90	1	1	MATCH	main manuscript before references
903	1	1	MATCH	main manuscript before references
91	2	1	MATCH	main manuscript before references
915	1	1	MATCH	main manuscript before references
97	1	1	MATCH	main manuscript before references
98	1	1	MATCH	main manuscript before references
E-MTAB-14509	4	3	MATCH	main manuscript before references
F1	18	16	MATCH	main manuscript before references
F2	18	16	MATCH	main manuscript before references
F6	18	16	MATCH	main manuscript before references
F7	16	15	MATCH	main manuscript before references
FDR = 2.868e-09	1	1	MATCH	main manuscript before references
FDR = 4.048e-54	1	1	MATCH	main manuscript before references
FDR = 7.229e-08	1	1	MATCH	main manuscript before references
FDR = 7.494e-10	1	1	MATCH	main manuscript before references
GCST90472771	4	4	MATCH	main manuscript before references
GSE173706	4	4	MATCH	main manuscript before references
GSE202011	5	5	MATCH	main manuscript before references
GSE225475	5	5	MATCH	main manuscript before references
GSE228421	4	4	MATCH	main manuscript before references
GSE244679	7	7	MATCH	main manuscript before references
GSE61281	1	1	MATCH	main manuscript before references
Jaccard = 0.562	0	1	MATCH_FORMATTING	main manuscript before references
P = 0.6647	1	1	MATCH	main manuscript before references
P = 0.7912	1	1	MATCH	main manuscript before references
P = 1.434e-09	1	1	MATCH	main manuscript before references
P = 2.498e-10	1	1	MATCH	main manuscript before references
P = 4.820e-08	1	1	MATCH	main manuscript before references
P = 6.746e-55	1	1	MATCH	main manuscript before references
PP4 = 0.639	1	1	MATCH	main manuscript before references
PP4 = 0.934	1	1	MATCH	main manuscript before references
PP4 = 0.945	1	1	MATCH	main manuscript before references
PP4 = 0.960	1	1	MATCH	main manuscript before references
PP4 = 0.971	1	1	MATCH	main manuscript before references
SE = 0.0274	1	1	MATCH	main manuscript before references
SE = 0.0409	1	1	MATCH	main manuscript before references
SE = 0.0449	1	1	MATCH	main manuscript before references
SE = 0.0751	1	1	MATCH	main manuscript before references
k = 2	4	5	MATCH	main manuscript before references
rg = -0.2233	1	1	MATCH	main manuscript before references
rg = -0.2717	1	1	MATCH	main manuscript before references
rg = 0.0118	1	1	MATCH	main manuscript before references
rg = 0.0255	1	1	MATCH	main manuscript before references
rg = 0.1732	1	1	MATCH	main manuscript before references
rg = 1.1715	1	1	MATCH	main manuscript before references
rho = -0.0479	1	1	MATCH	main manuscript before references
rho = -0.2078	1	1	MATCH	main manuscript before references
rho = 0.0787	0	1	MATCH_FORMATTING	main manuscript before references
rho = 0.485	1	1	MATCH	main manuscript before references
rho = 0.489	1	1	MATCH	main manuscript before references
rho = 0.491	1	1	MATCH	main manuscript before references
rho = 0.496	1	1	MATCH	main manuscript before references
rho = 0.502	2	2	MATCH	main manuscript before references
rho = 0.505	1	2	MATCH	main manuscript before references
rho = 0.506	2	2	MATCH	main manuscript before references
rho = 0.546	2	2	MATCH	main manuscript before references
rho = 0.577	1	1	MATCH	main manuscript before references
rho = 0.6315	1	1	MATCH	main manuscript before references
rho = 0.6508	1	1	MATCH	main manuscript before references
