zip_path	zip_exists	zip_size_mb	zip_status	has_besd	has_epi	has_esi	besd_uncompressed_mb	epi_uncompressed_mb	esi_uncompressed_mb	tissue	phase4c_tissue_group	phase4c_relevant	smr_usable	supports_formal_coloc	supports_smr_heidi	smr_runtime
/Volumes/EMPTY2TB/GTEx_v8_SMR/full_besd/Adipose_Subcutaneous.zip	True	1122.49	PASS	True	True	True	2533.36	0.88	300.92	Adipose_Subcutaneous	non_priority	False	True	False	True	Version 1.4.2 MacOS
/Volumes/EMPTY2TB/GTEx_v8_SMR/full_besd/Adipose_Visceral_Omentum.zip	True	1068.84	PASS	True	True	True	2484.49	0.88	294.59	Adipose_Visceral_Omentum	non_priority	False	True	False	True	Version 1.4.2 MacOS
/Volumes/EMPTY2TB/GTEx_v8_SMR/full_besd/Adrenal_Gland.zip	True	956.94	PASS	True	True	True	2372.01	0.85	292.06	Adrenal_Gland	non_priority	False	True	False	True	Version 1.4.2 MacOS
/Volumes/EMPTY2TB/GTEx_v8_SMR/full_besd/Artery_Aorta.zip	True	1003.49	PASS	True	True	True	2384.88	0.85	291.65	Artery_Aorta	vascular_arterial	True	True	False	True	Version 1.4.2 MacOS
/Volumes/EMPTY2TB/GTEx_v8_SMR/full_besd/Artery_Coronary.zip	True	965.95	PASS	True	True	True	2419.84	0.87	289.69	Artery_Coronary	vascular_arterial	True	True	False	True	Version 1.4.2 MacOS
/Volumes/EMPTY2TB/GTEx_v8_SMR/full_besd/Artery_Tibial.zip	True	1074.71	PASS	True	True	True	2408.06	0.83	302.2	Artery_Tibial	vascular_arterial	True	True	False	True	Version 1.4.2 MacOS
/Volumes/EMPTY2TB/GTEx_v8_SMR/full_besd/Brain_Amygdala.zip	True	832.3	PASS	True	True	True	2281.55	0.86	280.53	Brain_Amygdala	non_priority	False	True	False	True	Version 1.4.2 MacOS
/Volumes/EMPTY2TB/GTEx_v8_SMR/full_besd/Brain_Anterior_cingulate_cortex_BA24.zip	True	875.49	PASS	True	True	True	2349.81	0.87	286.11	Brain_Anterior_cingulate_cortex_BA24	non_priority	False	True	False	True	Version 1.4.2 MacOS
/Volumes/EMPTY2TB/GTEx_v8_SMR/full_besd/Brain_Caudate_basal_ganglia.zip	True	959.45	PASS	True	True	True	2441.41	0.88	293.41	Brain_Caudate_basal_ganglia	non_priority	False	True	False	True	Version 1.4.2 MacOS
/Volumes/EMPTY2TB/GTEx_v8_SMR/full_besd/Brain_Cerebellar_Hemisphere.zip	True	920.25	PASS	True	True	True	2410.51	0.9	285.35	Brain_Cerebellar_Hemisphere	non_priority	False	True	False	True	Version 1.4.2 MacOS
/Volumes/EMPTY2TB/GTEx_v8_SMR/full_besd/Brain_Cerebellum.zip	True	936.4	PASS	True	True	True	2418.41	0.91	282.44	Brain_Cerebellum	non_priority	False	True	False	True	Version 1.4.2 MacOS
/Volumes/EMPTY2TB/GTEx_v8_SMR/full_besd/Brain_Cortex.zip	True	922.06	PASS	True	True	True	2374.99	0.89	283.76	Brain_Cortex	non_priority	False	True	False	True	Version 1.4.2 MacOS
/Volumes/EMPTY2TB/GTEx_v8_SMR/full_besd/Brain_Frontal_Cortex_BA9.zip	True	916.39	PASS	True	True	True	2387.03	0.88	287.81	Brain_Frontal_Cortex_BA9	non_priority	False	True	False	True	Version 1.4.2 MacOS
/Volumes/EMPTY2TB/GTEx_v8_SMR/full_besd/Brain_Hippocampus.zip	True	867.92	PASS	True	True	True	2307.26	0.87	280.31	Brain_Hippocampus	non_priority	False	True	False	True	Version 1.4.2 MacOS
/Volumes/EMPTY2TB/GTEx_v8_SMR/full_besd/Brain_Hypothalamus.zip	True	869.18	PASS	True	True	True	2335.76	0.89	277.51	Brain_Hypothalamus	non_priority	False	True	False	True	Version 1.4.2 MacOS
/Volumes/EMPTY2TB/GTEx_v8_SMR/full_besd/Brain_Nucleus_accumbens_basal_ganglia.zip	True	903.77	PASS	True	True	True	2350.54	0.89	280.89	Brain_Nucleus_accumbens_basal_ganglia	non_priority	False	True	False	True	Version 1.4.2 MacOS
/Volumes/EMPTY2TB/GTEx_v8_SMR/full_besd/Brain_Putamen_basal_ganglia.zip	True	863.66	PASS	True	True	True	2272.7	0.85	282.25	Brain_Putamen_basal_ganglia	non_priority	False	True	False	True	Version 1.4.2 MacOS
/Volumes/EMPTY2TB/GTEx_v8_SMR/full_besd/Brain_Spinal_cord_cervical_c-1.zip	True	842.61	PASS	True	True	True	2323.04	0.88	280.53	Brain_Spinal_cord_cervical_c-1	non_priority	False	True	False	True	Version 1.4.2 MacOS
/Volumes/EMPTY2TB/GTEx_v8_SMR/full_besd/Brain_Substantia_nigra.zip	True	841.27	PASS	True	True	True	2297.31	0.86	282.95	Brain_Substantia_nigra	non_priority	False	True	False	True	Version 1.4.2 MacOS
/Volumes/EMPTY2TB/GTEx_v8_SMR/full_besd/Breast_Mammary_Tissue.zip	True	1122.32	PASS	True	True	True	2629.06	0.92	299.67	Breast_Mammary_Tissue	non_priority	False	True	False	True	Version 1.4.2 MacOS
/Volumes/EMPTY2TB/GTEx_v8_SMR/full_besd/Cells_Cultured_fibroblasts.zip	True	986.12	PASS	True	True	True	2255.01	0.79	295.2	Cells_Cultured_fibroblasts	stromal_cell_model	True	True	False	True	Version 1.4.2 MacOS
/Volumes/EMPTY2TB/GTEx_v8_SMR/full_besd/Cells_EBV-transformed_lymphocytes.zip	True	930.21	PASS	True	True	True	2324.79	0.81	290.68	Cells_EBV-transformed_lymphocytes	immune_cell_model	True	True	False	True	Version 1.4.2 MacOS
/Volumes/EMPTY2TB/GTEx_v8_SMR/full_besd/Colon_Sigmoid.zip	True	1000.58	PASS	True	True	True	2426.39	0.87	291.78	Colon_Sigmoid	intestinal	True	True	False	True	Version 1.4.2 MacOS
/Volumes/EMPTY2TB/GTEx_v8_SMR/full_besd/Colon_Transverse.zip	True	1101.69	PASS	True	True	True	2583.77	0.9	299.48	Colon_Transverse	intestinal	True	True	False	True	Version 1.4.2 MacOS
/Volumes/EMPTY2TB/GTEx_v8_SMR/full_besd/Esophagus_Gastroesophageal_Junction.zip	True	1013.81	PASS	True	True	True	2423.89	0.86	295.02	Esophagus_Gastroesophageal_Junction	non_priority	False	True	False	True	Version 1.4.2 MacOS
/Volumes/EMPTY2TB/GTEx_v8_SMR/full_besd/Esophagus_Mucosa.zip	True	1078.84	PASS	True	True	True	2461.09	0.85	298.92	Esophagus_Mucosa	non_priority	False	True	False	True	Version 1.4.2 MacOS
/Volumes/EMPTY2TB/GTEx_v8_SMR/full_besd/Esophagus_Muscularis.zip	True	1043.72	PASS	True	True	True	2412.9	0.85	296.74	Esophagus_Muscularis	non_priority	False	True	False	True	Version 1.4.2 MacOS
/Volumes/EMPTY2TB/GTEx_v8_SMR/full_besd/Heart_Atrial_Appendage.zip	True	987.04	PASS	True	True	True	2330.91	0.83	293.98	Heart_Atrial_Appendage	non_priority	False	True	False	True	Version 1.4.2 MacOS
/Volumes/EMPTY2TB/GTEx_v8_SMR/full_besd/Heart_Left_Ventricle.zip	True	922.98	PASS	True	True	True	2158.62	0.76	292.33	Heart_Left_Ventricle	non_priority	False	True	False	True	Version 1.4.2 MacOS
/Volumes/EMPTY2TB/GTEx_v8_SMR/full_besd/Kidney_Cortex.zip	True	797.4	PASS	True	True	True	2339.81	0.88	276.63	Kidney_Cortex	non_priority	False	True	False	True	Version 1.4.2 MacOS
/Volumes/EMPTY2TB/GTEx_v8_SMR/full_besd/Liver.zip	True	841.8	PASS	True	True	True	2146.42	0.79	275.51	Liver	non_priority	False	True	False	True	Version 1.4.2 MacOS
/Volumes/EMPTY2TB/GTEx_v8_SMR/full_besd/Lung.zip	True	1137.05	PASS	True	True	True	2627.58	0.93	296.22	Lung	non_priority	False	True	False	True	Version 1.4.2 MacOS
/Volumes/EMPTY2TB/GTEx_v8_SMR/full_besd/Minor_Salivary_Gland.zip	True	1011.08	PASS	True	True	True	2587.16	0.91	296.85	Minor_Salivary_Gland	non_priority	False	True	False	True	Version 1.4.2 MacOS
/Volumes/EMPTY2TB/GTEx_v8_SMR/full_besd/Muscle_Skeletal.zip	True	985.32	PASS	True	True	True	2174.67	0.75	296.17	Muscle_Skeletal	non_priority	False	True	False	True	Version 1.4.2 MacOS
/Volumes/EMPTY2TB/GTEx_v8_SMR/full_besd/Nerve_Tibial.zip	True	1161.41	PASS	True	True	True	2644.48	0.92	303.27	Nerve_Tibial	non_priority	False	True	False	True	Version 1.4.2 MacOS
/Volumes/EMPTY2TB/GTEx_v8_SMR/full_besd/Ovary.zip	True	960.2	PASS	True	True	True	2476.11	0.9	287.94	Ovary	non_priority	False	True	False	True	Version 1.4.2 MacOS
/Volumes/EMPTY2TB/GTEx_v8_SMR/full_besd/Pancreas.zip	True	951.81	PASS	True	True	True	2276.7	0.81	290.79	Pancreas	non_priority	False	True	False	True	Version 1.4.2 MacOS
/Volumes/EMPTY2TB/GTEx_v8_SMR/full_besd/Pituitary_Gland.zip	True	0.0	BAD_ZIP	False	False	False				Pituitary_Gland	non_priority	False	False	False	False	Version 1.4.2 MacOS
/Volumes/EMPTY2TB/GTEx_v8_SMR/full_besd/Prostate.zip	True	1059.85	PASS	True	True	True	2641.09	0.95	294.42	Prostate	non_priority	False	True	False	True	Version 1.4.2 MacOS
/Volumes/EMPTY2TB/GTEx_v8_SMR/full_besd/Skin_Not_Sun_Exposed_Suprapubic.zip	True	1125.33	PASS	True	True	True	2577.6	0.9	298.72	Skin_Not_Sun_Exposed_Suprapubic	skin	True	True	False	True	Version 1.4.2 MacOS
/Volumes/EMPTY2TB/GTEx_v8_SMR/full_besd/Skin_Sun_Exposed_Lower_leg.zip	True	1137.0	PASS	True	True	True	2573.59	0.9	299.73	Skin_Sun_Exposed_Lower_leg	skin	True	True	False	True	Version 1.4.2 MacOS
/Volumes/EMPTY2TB/GTEx_v8_SMR/full_besd/Small_Intestine_Terminal_Ileum.zip	True	772.0	BAD_ZIP	False	False	False				Small_Intestine_Terminal_Ileum	intestinal	True	False	False	False	Version 1.4.2 MacOS
/Volumes/EMPTY2TB/GTEx_v8_SMR/full_besd/Spleen.zip	True	1055.82	PASS	True	True	True	2572.78	0.91	295.34	Spleen	immune	True	True	False	True	Version 1.4.2 MacOS
/Volumes/EMPTY2TB/GTEx_v8_SMR/full_besd/Testis.zip	True	1409.66	PASS	True	True	True	3473.88	1.26	302.78	Testis	non_priority	False	True	False	True	Version 1.4.2 MacOS
/Volumes/EMPTY2TB/GTEx_v8_SMR/full_besd/Thyroid.zip	True	1145.71	PASS	True	True	True	2624.02	0.93	297.69	Thyroid	non_priority	False	True	False	True	Version 1.4.2 MacOS
/Volumes/EMPTY2TB/GTEx_v8_SMR/full_besd/Uterus.zip	True	941.15	PASS	True	True	True	2480.94	0.9	288.17	Uterus	non_priority	False	True	False	True	Version 1.4.2 MacOS
/Volumes/EMPTY2TB/GTEx_v8_SMR/full_besd/Vagina.zip	True	953.85	PASS	True	True	True	2524.79	0.92	288.61	Vagina	non_priority	False	True	False	True	Version 1.4.2 MacOS
/Volumes/EMPTY2TB/GTEx_v8_SMR/full_besd/Whole_Blood.zip	True	954.57	PASS	True	True	True	2103.87	0.72	285.27	Whole_Blood	blood	True	True	False	True	Version 1.4.2 MacOS
