sample_name	axis	program_type	spatial_program	spot_spearman	n_spots
NS1	F1	CORE	keratinocyte_basal	0.3754525835585267	1340
NS1	F1	CORE	keratinocyte_spinous_suprabasal	0.11661450422017658	1340
NS1	F1	CORE	keratinocyte_inflammatory_T17	0.4390411591113689	1340
NS1	F1	CORE	keratinocyte_stress_hypoxia	0.5151024035454017	1340
NS1	F1	CORE	fibroblast_matrix	-0.2718198283360029	1340
NS1	F1	CORE	fibroblast_inflammatory	0.15998053066372808	1340
NS1	F1	CORE	endothelial_vascular	0.41464577380374756	1340
NS1	F1	CORE	myeloid_dendritic	0.4591422203721385	1340
NS1	F1	CORE	T_NK_cytotoxic	0.17089515489043136	1340
NS1	F1	CORE	B_plasma	0.1832513233048518	1340
NS1	F1	EXTENDED	keratinocyte_basal	0.3997576856188494	1340
NS1	F1	EXTENDED	keratinocyte_spinous_suprabasal	0.10290015658334534	1340
NS1	F1	EXTENDED	keratinocyte_inflammatory_T17	0.4542378837272349	1340
NS1	F1	EXTENDED	keratinocyte_stress_hypoxia	0.5546730081300406	1340
NS1	F1	EXTENDED	fibroblast_matrix	-0.16538477871929208	1340
NS1	F1	EXTENDED	fibroblast_inflammatory	0.21802183275526726	1340
NS1	F1	EXTENDED	endothelial_vascular	0.40786643605824396	1340
NS1	F1	EXTENDED	myeloid_dendritic	0.4841475197423498	1340
NS1	F1	EXTENDED	T_NK_cytotoxic	0.19043572572551404	1340
NS1	F1	EXTENDED	B_plasma	0.1863365770954636	1340
NS1	F2	CORE	keratinocyte_basal	0.3757922029193966	1340
NS1	F2	CORE	keratinocyte_spinous_suprabasal	0.09205434493360491	1340
NS1	F2	CORE	keratinocyte_inflammatory_T17	0.42042103652003426	1340
NS1	F2	CORE	keratinocyte_stress_hypoxia	0.5383718080087196	1340
NS1	F2	CORE	fibroblast_matrix	-0.11221044907535242	1340
NS1	F2	CORE	fibroblast_inflammatory	0.242389279489241	1340
NS1	F2	CORE	endothelial_vascular	0.41330669906986467	1340
NS1	F2	CORE	myeloid_dendritic	0.48934736167432363	1340
NS1	F2	CORE	T_NK_cytotoxic	0.19666188821333966	1340
NS1	F2	CORE	B_plasma	0.18475479751208115	1340
NS1	F2	EXTENDED	keratinocyte_basal	0.3848500273194687	1340
NS1	F2	EXTENDED	keratinocyte_spinous_suprabasal	0.08813765665148458	1340
NS1	F2	EXTENDED	keratinocyte_inflammatory_T17	0.4300510710346698	1340
NS1	F2	EXTENDED	keratinocyte_stress_hypoxia	0.5436877336847222	1340
NS1	F2	EXTENDED	fibroblast_matrix	-0.10924968263822957	1340
NS1	F2	EXTENDED	fibroblast_inflammatory	0.24655357760246485	1340
NS1	F2	EXTENDED	endothelial_vascular	0.41009004331341353	1340
NS1	F2	EXTENDED	myeloid_dendritic	0.49203876308797045	1340
NS1	F2	EXTENDED	T_NK_cytotoxic	0.19656343110647262	1340
NS1	F2	EXTENDED	B_plasma	0.19084990161149826	1340
NS1	F6	CORE	keratinocyte_basal	0.4169443427560533	1340
NS1	F6	CORE	keratinocyte_spinous_suprabasal	0.14240614302981094	1340
NS1	F6	CORE	keratinocyte_inflammatory_T17	0.44508455453855694	1340
NS1	F6	CORE	keratinocyte_stress_hypoxia	0.5513488977917765	1340
NS1	F6	CORE	fibroblast_matrix	-0.1942699456529914	1340
NS1	F6	CORE	fibroblast_inflammatory	0.18564883517893516	1340
NS1	F6	CORE	endothelial_vascular	0.3929350530148118	1340
NS1	F6	CORE	myeloid_dendritic	0.4599205013047757	1340
NS1	F6	CORE	T_NK_cytotoxic	0.17709965877272674	1340
NS1	F6	CORE	B_plasma	0.17600113972944986	1340
NS1	F6	EXTENDED	keratinocyte_basal	0.42964927203262115	1340
NS1	F6	EXTENDED	keratinocyte_spinous_suprabasal	0.16482030569538844	1340
NS1	F6	EXTENDED	keratinocyte_inflammatory_T17	0.4676546595609282	1340
NS1	F6	EXTENDED	keratinocyte_stress_hypoxia	0.5734072115226039	1340
NS1	F6	EXTENDED	fibroblast_matrix	-0.20758178622353546	1340
NS1	F6	EXTENDED	fibroblast_inflammatory	0.19781232500354687	1340
NS1	F6	EXTENDED	endothelial_vascular	0.40819906731351363	1340
NS1	F6	EXTENDED	myeloid_dendritic	0.472071121303901	1340
NS1	F6	EXTENDED	T_NK_cytotoxic	0.18485987216912886	1340
NS1	F6	EXTENDED	B_plasma	0.18499646031604033	1340
NS1	F7	CORE	keratinocyte_basal	0.4382873278612732	1340
NS1	F7	CORE	keratinocyte_spinous_suprabasal	0.17325324022462027	1340
NS1	F7	CORE	keratinocyte_inflammatory_T17	0.4532780006752079	1340
NS1	F7	CORE	keratinocyte_stress_hypoxia	0.5272944041267057	1340
NS1	F7	CORE	fibroblast_matrix	-0.3105825684096123	1340
NS1	F7	CORE	fibroblast_inflammatory	0.18793018310586534	1340
NS1	F7	CORE	endothelial_vascular	0.48558945509115886	1340
NS1	F7	CORE	myeloid_dendritic	0.453574475822703	1340
NS1	F7	CORE	T_NK_cytotoxic	0.1748710069589623	1340
NS1	F7	CORE	B_plasma	0.1916457530017253	1340
NS1	F7	EXTENDED	keratinocyte_basal	0.44617992563351105	1340
NS1	F7	EXTENDED	keratinocyte_spinous_suprabasal	0.1709005899613669	1340
NS1	F7	EXTENDED	keratinocyte_inflammatory_T17	0.4666460354504094	1340
NS1	F7	EXTENDED	keratinocyte_stress_hypoxia	0.5498474471564084	1340
NS1	F7	EXTENDED	fibroblast_matrix	-0.2818940069664359	1340
NS1	F7	EXTENDED	fibroblast_inflammatory	0.19269602258981236	1340
NS1	F7	EXTENDED	endothelial_vascular	0.4701009286842215	1340
NS1	F7	EXTENDED	myeloid_dendritic	0.4690710013903958	1340
NS1	F7	EXTENDED	T_NK_cytotoxic	0.18029032011436266	1340
NS1	F7	EXTENDED	B_plasma	0.18736771078378373	1340
NS2	F1	CORE	keratinocyte_basal	0.6313745280743314	904
NS2	F1	CORE	keratinocyte_spinous_suprabasal	0.2621845874292254	904
NS2	F1	CORE	keratinocyte_inflammatory_T17	0.42294837191210954	904
NS2	F1	CORE	keratinocyte_stress_hypoxia	0.5541407986394165	904
NS2	F1	CORE	fibroblast_matrix	-0.26644876964708675	904
NS2	F1	CORE	fibroblast_inflammatory	0.11174685472591628	904
NS2	F1	CORE	endothelial_vascular	0.2518693536934397	904
NS2	F1	CORE	myeloid_dendritic	0.48537166657308783	904
NS2	F1	CORE	T_NK_cytotoxic	0.2914623801251253	904
NS2	F1	CORE	B_plasma	0.16903628778159593	904
NS2	F1	EXTENDED	keratinocyte_basal	0.6439402222760356	904
NS2	F1	EXTENDED	keratinocyte_spinous_suprabasal	0.27795974672182167	904
NS2	F1	EXTENDED	keratinocyte_inflammatory_T17	0.40429138995578984	904
NS2	F1	EXTENDED	keratinocyte_stress_hypoxia	0.5763332603193938	904
NS2	F1	EXTENDED	fibroblast_matrix	-0.22715955279377392	904
NS2	F1	EXTENDED	fibroblast_inflammatory	0.15473993657986548	904
NS2	F1	EXTENDED	endothelial_vascular	0.2550868934683478	904
NS2	F1	EXTENDED	myeloid_dendritic	0.5158560923190276	904
NS2	F1	EXTENDED	T_NK_cytotoxic	0.3198696211515427	904
NS2	F1	EXTENDED	B_plasma	0.17512541238461976	904
NS2	F2	CORE	keratinocyte_basal	0.6128914889859094	904
NS2	F2	CORE	keratinocyte_spinous_suprabasal	0.31600243325201055	904
NS2	F2	CORE	keratinocyte_inflammatory_T17	0.330896560472029	904
NS2	F2	CORE	keratinocyte_stress_hypoxia	0.5488203554363649	904
NS2	F2	CORE	fibroblast_matrix	-0.1638685644980988	904
NS2	F2	CORE	fibroblast_inflammatory	0.23762365337599245	904
NS2	F2	CORE	endothelial_vascular	0.30042432151375764	904
NS2	F2	CORE	myeloid_dendritic	0.5505159161816979	904
NS2	F2	CORE	T_NK_cytotoxic	0.36709447863124356	904
NS2	F2	CORE	B_plasma	0.1830587163662075	904
NS2	F2	EXTENDED	keratinocyte_basal	0.597357128347977	904
NS2	F2	EXTENDED	keratinocyte_spinous_suprabasal	0.307297188935874	904
NS2	F2	EXTENDED	keratinocyte_inflammatory_T17	0.3244912504163981	904
NS2	F2	EXTENDED	keratinocyte_stress_hypoxia	0.5349411440431111	904
NS2	F2	EXTENDED	fibroblast_matrix	-0.12825710121495507	904
NS2	F2	EXTENDED	fibroblast_inflammatory	0.2568807505566878	904
NS2	F2	EXTENDED	endothelial_vascular	0.313457066722926	904
NS2	F2	EXTENDED	myeloid_dendritic	0.5516171500000123	904
NS2	F2	EXTENDED	T_NK_cytotoxic	0.37524496785340256	904
NS2	F2	EXTENDED	B_plasma	0.18692298177348385	904
NS2	F6	CORE	keratinocyte_basal	0.6602376931199492	904
NS2	F6	CORE	keratinocyte_spinous_suprabasal	0.3321348764827236	904
NS2	F6	CORE	keratinocyte_inflammatory_T17	0.3629024196856272	904
NS2	F6	CORE	keratinocyte_stress_hypoxia	0.5715660165620935	904
NS2	F6	CORE	fibroblast_matrix	-0.2487579419387039	904
NS2	F6	CORE	fibroblast_inflammatory	0.14865275378119167	904
NS2	F6	CORE	endothelial_vascular	0.23175196431344106	904
NS2	F6	CORE	myeloid_dendritic	0.5160757885445159	904
NS2	F6	CORE	T_NK_cytotoxic	0.32655664494653824	904
NS2	F6	CORE	B_plasma	0.16162208902215155	904
NS2	F6	EXTENDED	keratinocyte_basal	0.6801878401772538	904
NS2	F6	EXTENDED	keratinocyte_spinous_suprabasal	0.3355653134227461	904
NS2	F6	EXTENDED	keratinocyte_inflammatory_T17	0.3840492249733193	904
NS2	F6	EXTENDED	keratinocyte_stress_hypoxia	0.580744067919233	904
NS2	F6	EXTENDED	fibroblast_matrix	-0.25930943549068064	904
NS2	F6	EXTENDED	fibroblast_inflammatory	0.1468983829393531	904
NS2	F6	EXTENDED	endothelial_vascular	0.23584095028907212	904
NS2	F6	EXTENDED	myeloid_dendritic	0.5270189947003738	904
NS2	F6	EXTENDED	T_NK_cytotoxic	0.32338242394739164	904
NS2	F6	EXTENDED	B_plasma	0.1622873396209604	904
NS2	F7	CORE	keratinocyte_basal	0.6727091121862998	904
NS2	F7	CORE	keratinocyte_spinous_suprabasal	0.30775975508556	904
NS2	F7	CORE	keratinocyte_inflammatory_T17	0.39251639862731785	904
NS2	F7	CORE	keratinocyte_stress_hypoxia	0.5521028800533558	904
NS2	F7	CORE	fibroblast_matrix	-0.28057379053672615	904
NS2	F7	CORE	fibroblast_inflammatory	0.13241056472635182	904
NS2	F7	CORE	endothelial_vascular	0.28624579863041427	904
NS2	F7	CORE	myeloid_dendritic	0.5110717076263087	904
NS2	F7	CORE	T_NK_cytotoxic	0.30649468350851666	904
NS2	F7	CORE	B_plasma	0.17157458240628132	904
NS2	F7	EXTENDED	keratinocyte_basal	0.682263883487979	904
NS2	F7	EXTENDED	keratinocyte_spinous_suprabasal	0.31226519843887257	904
NS2	F7	EXTENDED	keratinocyte_inflammatory_T17	0.399449144911629	904
NS2	F7	EXTENDED	keratinocyte_stress_hypoxia	0.5763667899639142	904
NS2	F7	EXTENDED	fibroblast_matrix	-0.28023391119615465	904
NS2	F7	EXTENDED	fibroblast_inflammatory	0.12970196771448286	904
NS2	F7	EXTENDED	endothelial_vascular	0.2697473867809457	904
NS2	F7	EXTENDED	myeloid_dendritic	0.5186696918820167	904
NS2	F7	EXTENDED	T_NK_cytotoxic	0.32123593540495526	904
NS2	F7	EXTENDED	B_plasma	0.17512280155911672	904
PP1	F1	CORE	keratinocyte_basal	0.3826110746895524	1352
PP1	F1	CORE	keratinocyte_spinous_suprabasal	-0.1903865705302484	1352
PP1	F1	CORE	keratinocyte_inflammatory_T17	-0.13826912765854527	1352
PP1	F1	CORE	keratinocyte_stress_hypoxia	0.4895159572811054	1352
PP1	F1	CORE	fibroblast_matrix	-0.25117432861972794	1352
PP1	F1	CORE	fibroblast_inflammatory	0.11687458802835063	1352
PP1	F1	CORE	endothelial_vascular	0.2757577070128129	1352
PP1	F1	CORE	myeloid_dendritic	0.4120056367844656	1352
PP1	F1	CORE	T_NK_cytotoxic	0.4049540546291551	1352
PP1	F1	CORE	B_plasma	0.27348051386677824	1352
PP1	F1	EXTENDED	keratinocyte_basal	0.36317287162439493	1352
PP1	F1	EXTENDED	keratinocyte_spinous_suprabasal	-0.19326669209043879	1352
PP1	F1	EXTENDED	keratinocyte_inflammatory_T17	-0.12848754838081067	1352
PP1	F1	EXTENDED	keratinocyte_stress_hypoxia	0.5069970387668074	1352
PP1	F1	EXTENDED	fibroblast_matrix	-0.22570997819246627	1352
PP1	F1	EXTENDED	fibroblast_inflammatory	0.13878613193131653	1352
PP1	F1	EXTENDED	endothelial_vascular	0.30831753328048955	1352
PP1	F1	EXTENDED	myeloid_dendritic	0.43551975570850016	1352
PP1	F1	EXTENDED	T_NK_cytotoxic	0.4358979169491177	1352
PP1	F1	EXTENDED	B_plasma	0.29736564023661305	1352
PP1	F2	CORE	keratinocyte_basal	0.2704706722975207	1352
PP1	F2	CORE	keratinocyte_spinous_suprabasal	-0.22592567976016825	1352
PP1	F2	CORE	keratinocyte_inflammatory_T17	-0.1761009407336289	1352
PP1	F2	CORE	keratinocyte_stress_hypoxia	0.47369359454033694	1352
PP1	F2	CORE	fibroblast_matrix	-0.10315186690248349	1352
PP1	F2	CORE	fibroblast_inflammatory	0.21242798809014515	1352
PP1	F2	CORE	endothelial_vascular	0.3826290089946951	1352
PP1	F2	CORE	myeloid_dendritic	0.4646107390417935	1352
PP1	F2	CORE	T_NK_cytotoxic	0.4484625209789504	1352
PP1	F2	CORE	B_plasma	0.318098297184553	1352
PP1	F2	EXTENDED	keratinocyte_basal	0.2559453063993597	1352
PP1	F2	EXTENDED	keratinocyte_spinous_suprabasal	-0.2830434688914891	1352
PP1	F2	EXTENDED	keratinocyte_inflammatory_T17	-0.23745558604942865	1352
PP1	F2	EXTENDED	keratinocyte_stress_hypoxia	0.4517143618851814	1352
PP1	F2	EXTENDED	fibroblast_matrix	-0.06852613083221333	1352
PP1	F2	EXTENDED	fibroblast_inflammatory	0.2533855343641432	1352
PP1	F2	EXTENDED	endothelial_vascular	0.41468120430293065	1352
PP1	F2	EXTENDED	myeloid_dendritic	0.47607844984374953	1352
PP1	F2	EXTENDED	T_NK_cytotoxic	0.43612993039046927	1352
PP1	F2	EXTENDED	B_plasma	0.3110551952810015	1352
PP1	F6	CORE	keratinocyte_basal	0.38174105686647153	1352
PP1	F6	CORE	keratinocyte_spinous_suprabasal	-0.08452007685414575	1352
PP1	F6	CORE	keratinocyte_inflammatory_T17	-0.02035817430520092	1352
PP1	F6	CORE	keratinocyte_stress_hypoxia	0.5402310301375678	1352
PP1	F6	CORE	fibroblast_matrix	-0.26589687243790383	1352
PP1	F6	CORE	fibroblast_inflammatory	0.08078708637783157	1352
PP1	F6	CORE	endothelial_vascular	0.2428177136365426	1352
PP1	F6	CORE	myeloid_dendritic	0.4076671280814386	1352
PP1	F6	CORE	T_NK_cytotoxic	0.4454197573435857	1352
PP1	F6	CORE	B_plasma	0.2899634933535643	1352
PP1	F6	EXTENDED	keratinocyte_basal	0.40997257077182386	1352
PP1	F6	EXTENDED	keratinocyte_spinous_suprabasal	-0.11743160649050663	1352
PP1	F6	EXTENDED	keratinocyte_inflammatory_T17	-0.04759588757197365	1352
PP1	F6	EXTENDED	keratinocyte_stress_hypoxia	0.53696660997407	1352
PP1	F6	EXTENDED	fibroblast_matrix	-0.278335045269342	1352
PP1	F6	EXTENDED	fibroblast_inflammatory	0.10148939707223203	1352
PP1	F6	EXTENDED	endothelial_vascular	0.25347013359390197	1352
PP1	F6	EXTENDED	myeloid_dendritic	0.4268466869078891	1352
PP1	F6	EXTENDED	T_NK_cytotoxic	0.4481508384397821	1352
PP1	F6	EXTENDED	B_plasma	0.2935427938372387	1352
PP1	F7	CORE	keratinocyte_basal	0.44898799303199516	1352
PP1	F7	CORE	keratinocyte_spinous_suprabasal	-0.2018567906153087	1352
PP1	F7	CORE	keratinocyte_inflammatory_T17	-0.1354866686939517	1352
PP1	F7	CORE	keratinocyte_stress_hypoxia	0.4591509322454536	1352
PP1	F7	CORE	fibroblast_matrix	-0.24849092097301567	1352
PP1	F7	CORE	fibroblast_inflammatory	0.19266124545038135	1352
PP1	F7	CORE	endothelial_vascular	0.3035257828613924	1352
PP1	F7	CORE	myeloid_dendritic	0.4584394312663236	1352
PP1	F7	CORE	T_NK_cytotoxic	0.41235579109054027	1352
PP1	F7	CORE	B_plasma	0.2959236683892556	1352
PP1	F7	EXTENDED	keratinocyte_basal	0.4373105701443248	1352
PP1	F7	EXTENDED	keratinocyte_spinous_suprabasal	-0.17297931146612475	1352
PP1	F7	EXTENDED	keratinocyte_inflammatory_T17	-0.10231726492213128	1352
PP1	F7	EXTENDED	keratinocyte_stress_hypoxia	0.5078226512488011	1352
PP1	F7	EXTENDED	fibroblast_matrix	-0.27802141106621414	1352
PP1	F7	EXTENDED	fibroblast_inflammatory	0.1495306633932594	1352
PP1	F7	EXTENDED	endothelial_vascular	0.28621103210157045	1352
PP1	F7	EXTENDED	myeloid_dendritic	0.45081802110099617	1352
PP1	F7	EXTENDED	T_NK_cytotoxic	0.4400204324918113	1352
PP1	F7	EXTENDED	B_plasma	0.3081714400462756	1352
PP2	F1	CORE	keratinocyte_basal	0.5012327523843108	1393
PP2	F1	CORE	keratinocyte_spinous_suprabasal	0.1938620432209026	1393
PP2	F1	CORE	keratinocyte_inflammatory_T17	0.0005960391180659643	1393
PP2	F1	CORE	keratinocyte_stress_hypoxia	0.45870543473968245	1393
PP2	F1	CORE	fibroblast_matrix	-0.5187549884733846	1393
PP2	F1	CORE	fibroblast_inflammatory	-0.03721974631494009	1393
PP2	F1	CORE	endothelial_vascular	0.113789252659977	1393
PP2	F1	CORE	myeloid_dendritic	0.3196819883254608	1393
PP2	F1	CORE	T_NK_cytotoxic	0.4047815852801934	1393
PP2	F1	CORE	B_plasma	0.22200201086398644	1393
PP2	F1	EXTENDED	keratinocyte_basal	0.5258654075386856	1393
PP2	F1	EXTENDED	keratinocyte_spinous_suprabasal	0.1934535637524559	1393
PP2	F1	EXTENDED	keratinocyte_inflammatory_T17	0.02311911701044323	1393
PP2	F1	EXTENDED	keratinocyte_stress_hypoxia	0.4675708353996871	1393
PP2	F1	EXTENDED	fibroblast_matrix	-0.49961090642890105	1393
PP2	F1	EXTENDED	fibroblast_inflammatory	-0.010602863200260045	1393
PP2	F1	EXTENDED	endothelial_vascular	0.1328736441861988	1393
PP2	F1	EXTENDED	myeloid_dendritic	0.3336436894342782	1393
PP2	F1	EXTENDED	T_NK_cytotoxic	0.4163832307677215	1393
PP2	F1	EXTENDED	B_plasma	0.22417776275018958	1393
PP2	F2	CORE	keratinocyte_basal	0.49928701272975035	1393
PP2	F2	CORE	keratinocyte_spinous_suprabasal	0.17402410242178895	1393
PP2	F2	CORE	keratinocyte_inflammatory_T17	0.019349376022602643	1393
PP2	F2	CORE	keratinocyte_stress_hypoxia	0.4626751778635125	1393
PP2	F2	CORE	fibroblast_matrix	-0.46586815798984405	1393
PP2	F2	CORE	fibroblast_inflammatory	-0.01155815777278427	1393
PP2	F2	CORE	endothelial_vascular	0.1356992353398376	1393
PP2	F2	CORE	myeloid_dendritic	0.34103929796085075	1393
PP2	F2	CORE	T_NK_cytotoxic	0.4131586555570947	1393
PP2	F2	CORE	B_plasma	0.22956291992240052	1393
PP2	F2	EXTENDED	keratinocyte_basal	0.4934593074844938	1393
PP2	F2	EXTENDED	keratinocyte_spinous_suprabasal	0.1455888788920362	1393
PP2	F2	EXTENDED	keratinocyte_inflammatory_T17	-0.011890003728773841	1393
PP2	F2	EXTENDED	keratinocyte_stress_hypoxia	0.4655934242521376	1393
PP2	F2	EXTENDED	fibroblast_matrix	-0.4474871467958304	1393
PP2	F2	EXTENDED	fibroblast_inflammatory	0.004008764706686961	1393
PP2	F2	EXTENDED	endothelial_vascular	0.13858881627694952	1393
PP2	F2	EXTENDED	myeloid_dendritic	0.3446831139793634	1393
PP2	F2	EXTENDED	T_NK_cytotoxic	0.4089946306733813	1393
PP2	F2	EXTENDED	B_plasma	0.23262907557862667	1393
PP2	F6	CORE	keratinocyte_basal	0.5261171576268309	1393
PP2	F6	CORE	keratinocyte_spinous_suprabasal	0.25298464031138407	1393
PP2	F6	CORE	keratinocyte_inflammatory_T17	0.09506312298325499	1393
PP2	F6	CORE	keratinocyte_stress_hypoxia	0.48361456386535134	1393
PP2	F6	CORE	fibroblast_matrix	-0.5364152616882772	1393
PP2	F6	CORE	fibroblast_inflammatory	-0.04663742528073829	1393
PP2	F6	CORE	endothelial_vascular	0.08028334093403337	1393
PP2	F6	CORE	myeloid_dendritic	0.33907468875528257	1393
PP2	F6	CORE	T_NK_cytotoxic	0.4100546504221146	1393
PP2	F6	CORE	B_plasma	0.22874176554110345	1393
PP2	F6	EXTENDED	keratinocyte_basal	0.5620264341885021	1393
PP2	F6	EXTENDED	keratinocyte_spinous_suprabasal	0.25079140607925676	1393
PP2	F6	EXTENDED	keratinocyte_inflammatory_T17	0.09670522041478641	1393
PP2	F6	EXTENDED	keratinocyte_stress_hypoxia	0.49061995459742036	1393
PP2	F6	EXTENDED	fibroblast_matrix	-0.5459972031752703	1393
PP2	F6	EXTENDED	fibroblast_inflammatory	-0.02235358333342219	1393
PP2	F6	EXTENDED	endothelial_vascular	0.10836134205477073	1393
PP2	F6	EXTENDED	myeloid_dendritic	0.3453686410179331	1393
PP2	F6	EXTENDED	T_NK_cytotoxic	0.4143418580939229	1393
PP2	F6	EXTENDED	B_plasma	0.2308498961269971	1393
PP2	F7	CORE	keratinocyte_basal	0.5608231796586348	1393
PP2	F7	CORE	keratinocyte_spinous_suprabasal	0.17205747520967712	1393
PP2	F7	CORE	keratinocyte_inflammatory_T17	0.03943741258966024	1393
PP2	F7	CORE	keratinocyte_stress_hypoxia	0.4344457861519775	1393
PP2	F7	CORE	fibroblast_matrix	-0.49694281212725805	1393
PP2	F7	CORE	fibroblast_inflammatory	0.018042047997071233	1393
PP2	F7	CORE	endothelial_vascular	0.11983319262537954	1393
PP2	F7	CORE	myeloid_dendritic	0.3385012162835387	1393
PP2	F7	CORE	T_NK_cytotoxic	0.39022654301716014	1393
PP2	F7	CORE	B_plasma	0.22396128236796362	1393
PP2	F7	EXTENDED	keratinocyte_basal	0.5650380188476485	1393
PP2	F7	EXTENDED	keratinocyte_spinous_suprabasal	0.20632634394152374	1393
PP2	F7	EXTENDED	keratinocyte_inflammatory_T17	0.07094724742156479	1393
PP2	F7	EXTENDED	keratinocyte_stress_hypoxia	0.47291400022193686	1393
PP2	F7	EXTENDED	fibroblast_matrix	-0.5139157795917264	1393
PP2	F7	EXTENDED	fibroblast_inflammatory	0.005665605153995265	1393
PP2	F7	EXTENDED	endothelial_vascular	0.12060341684063115	1393
PP2	F7	EXTENDED	myeloid_dendritic	0.3396740565028763	1393
PP2	F7	EXTENDED	T_NK_cytotoxic	0.40434408136157757	1393
PP2	F7	EXTENDED	B_plasma	0.2317157069015871	1393
PP3	F1	CORE	keratinocyte_basal	0.6828475443403461	1463
PP3	F1	CORE	keratinocyte_spinous_suprabasal	0.13989986924799092	1463
PP3	F1	CORE	keratinocyte_inflammatory_T17	0.3458632635628652	1463
PP3	F1	CORE	keratinocyte_stress_hypoxia	0.6307010897072544	1463
PP3	F1	CORE	fibroblast_matrix	0.08214778464464582	1463
PP3	F1	CORE	fibroblast_inflammatory	0.3402970924053213	1463
PP3	F1	CORE	endothelial_vascular	0.3587156151057088	1463
PP3	F1	CORE	myeloid_dendritic	0.5014403654237043	1463
PP3	F1	CORE	T_NK_cytotoxic	0.4806753321588002	1463
PP3	F1	CORE	B_plasma	0.17546839407670506	1463
PP3	F1	EXTENDED	keratinocyte_basal	0.6844564944134299	1463
PP3	F1	EXTENDED	keratinocyte_spinous_suprabasal	0.17554186554196236	1463
PP3	F1	EXTENDED	keratinocyte_inflammatory_T17	0.3874208874329857	1463
PP3	F1	EXTENDED	keratinocyte_stress_hypoxia	0.6551200230285681	1463
PP3	F1	EXTENDED	fibroblast_matrix	0.08782699955308679	1463
PP3	F1	EXTENDED	fibroblast_inflammatory	0.33610791836955983	1463
PP3	F1	EXTENDED	endothelial_vascular	0.36413812176667204	1463
PP3	F1	EXTENDED	myeloid_dendritic	0.5165309458546441	1463
PP3	F1	EXTENDED	T_NK_cytotoxic	0.4956005076601896	1463
PP3	F1	EXTENDED	B_plasma	0.18280057396035773	1463
PP3	F2	CORE	keratinocyte_basal	0.6585998167762098	1463
PP3	F2	CORE	keratinocyte_spinous_suprabasal	0.19151053632010254	1463
PP3	F2	CORE	keratinocyte_inflammatory_T17	0.3997596764354739	1463
PP3	F2	CORE	keratinocyte_stress_hypoxia	0.6591831712634982	1463
PP3	F2	CORE	fibroblast_matrix	0.09392738996775224	1463
PP3	F2	CORE	fibroblast_inflammatory	0.3305267852616912	1463
PP3	F2	CORE	endothelial_vascular	0.3629848244289882	1463
PP3	F2	CORE	myeloid_dendritic	0.5267926701441432	1463
PP3	F2	CORE	T_NK_cytotoxic	0.5062210013492685	1463
PP3	F2	CORE	B_plasma	0.18532712794254402	1463
PP3	F2	EXTENDED	keratinocyte_basal	0.6712346150674295	1463
PP3	F2	EXTENDED	keratinocyte_spinous_suprabasal	0.1682259490261342	1463
PP3	F2	EXTENDED	keratinocyte_inflammatory_T17	0.3719513084006037	1463
PP3	F2	EXTENDED	keratinocyte_stress_hypoxia	0.6560514606514163	1463
PP3	F2	EXTENDED	fibroblast_matrix	0.11376230608975153	1463
PP3	F2	EXTENDED	fibroblast_inflammatory	0.3441614102767115	1463
PP3	F2	EXTENDED	endothelial_vascular	0.3769554432690191	1463
PP3	F2	EXTENDED	myeloid_dendritic	0.5266318002891254	1463
PP3	F2	EXTENDED	T_NK_cytotoxic	0.5013020096022388	1463
PP3	F2	EXTENDED	B_plasma	0.18273190895085362	1463
PP3	F6	CORE	keratinocyte_basal	0.6609029549953869	1463
PP3	F6	CORE	keratinocyte_spinous_suprabasal	0.24044842406943298	1463
PP3	F6	CORE	keratinocyte_inflammatory_T17	0.4549747133978463	1463
PP3	F6	CORE	keratinocyte_stress_hypoxia	0.6569547761015048	1463
PP3	F6	CORE	fibroblast_matrix	0.03673184016148117	1463
PP3	F6	CORE	fibroblast_inflammatory	0.30402992294183767	1463
PP3	F6	CORE	endothelial_vascular	0.32046370851184547	1463
PP3	F6	CORE	myeloid_dendritic	0.5332216543664939	1463
PP3	F6	CORE	T_NK_cytotoxic	0.5003539669298994	1463
PP3	F6	CORE	B_plasma	0.18767698759469015	1463
PP3	F6	EXTENDED	keratinocyte_basal	0.6974610354423301	1463
PP3	F6	EXTENDED	keratinocyte_spinous_suprabasal	0.21284367796430712	1463
PP3	F6	EXTENDED	keratinocyte_inflammatory_T17	0.4266913772973119	1463
PP3	F6	EXTENDED	keratinocyte_stress_hypoxia	0.6604847536987017	1463
PP3	F6	EXTENDED	fibroblast_matrix	0.07450465460527694	1463
PP3	F6	EXTENDED	fibroblast_inflammatory	0.340991698020213	1463
PP3	F6	EXTENDED	endothelial_vascular	0.35118610297653374	1463
PP3	F6	EXTENDED	myeloid_dendritic	0.5365911874769127	1463
PP3	F6	EXTENDED	T_NK_cytotoxic	0.49646857471347916	1463
PP3	F6	EXTENDED	B_plasma	0.1872820390772825	1463
PP3	F7	CORE	keratinocyte_basal	0.7205573534942883	1463
PP3	F7	CORE	keratinocyte_spinous_suprabasal	0.10715577457797087	1463
PP3	F7	CORE	keratinocyte_inflammatory_T17	0.30908586535475757	1463
PP3	F7	CORE	keratinocyte_stress_hypoxia	0.5965164337188402	1463
PP3	F7	CORE	fibroblast_matrix	0.17131613964538323	1463
PP3	F7	CORE	fibroblast_inflammatory	0.4050857506906583	1463
PP3	F7	CORE	endothelial_vascular	0.3768137216032592	1463
PP3	F7	CORE	myeloid_dendritic	0.5208960120662113	1463
PP3	F7	CORE	T_NK_cytotoxic	0.44273038791821684	1463
PP3	F7	CORE	B_plasma	0.17438135180696931	1463
PP3	F7	EXTENDED	keratinocyte_basal	0.7087199123533849	1463
PP3	F7	EXTENDED	keratinocyte_spinous_suprabasal	0.15298127379926707	1463
PP3	F7	EXTENDED	keratinocyte_inflammatory_T17	0.36403346414276166	1463
PP3	F7	EXTENDED	keratinocyte_stress_hypoxia	0.6395151821300035	1463
PP3	F7	EXTENDED	fibroblast_matrix	0.12012604772498839	1463
PP3	F7	EXTENDED	fibroblast_inflammatory	0.3699759377260508	1463
PP3	F7	EXTENDED	endothelial_vascular	0.3647392501160045	1463
PP3	F7	EXTENDED	myeloid_dendritic	0.5288398166372753	1463
PP3	F7	EXTENDED	T_NK_cytotoxic	0.48032077968372994	1463
PP3	F7	EXTENDED	B_plasma	0.18241482325216316	1463
PP4	F1	CORE	keratinocyte_basal	0.3777507417412254	1118
PP4	F1	CORE	keratinocyte_spinous_suprabasal	0.1407262091826091	1118
PP4	F1	CORE	keratinocyte_inflammatory_T17	0.11165867376283761	1118
PP4	F1	CORE	keratinocyte_stress_hypoxia	0.4399873149433822	1118
PP4	F1	CORE	fibroblast_matrix	-0.3450129107559466	1118
PP4	F1	CORE	fibroblast_inflammatory	-0.05475749944049509	1118
PP4	F1	CORE	endothelial_vascular	0.2634414052901607	1118
PP4	F1	CORE	myeloid_dendritic	0.43834131335982124	1118
PP4	F1	CORE	T_NK_cytotoxic	0.5100104526461672	1118
PP4	F1	CORE	B_plasma	0.35278570454238817	1118
PP4	F1	EXTENDED	keratinocyte_basal	0.2817176138269161	1118
PP4	F1	EXTENDED	keratinocyte_spinous_suprabasal	-0.009130639698723656	1118
PP4	F1	EXTENDED	keratinocyte_inflammatory_T17	-0.047489355499911005	1118
PP4	F1	EXTENDED	keratinocyte_stress_hypoxia	0.41230006802924124	1118
PP4	F1	EXTENDED	fibroblast_matrix	-0.25365525450178106	1118
PP4	F1	EXTENDED	fibroblast_inflammatory	0.011486571442649692	1118
PP4	F1	EXTENDED	endothelial_vascular	0.3616465267374624	1118
PP4	F1	EXTENDED	myeloid_dendritic	0.44320520503499183	1118
PP4	F1	EXTENDED	T_NK_cytotoxic	0.482565701726394	1118
PP4	F1	EXTENDED	B_plasma	0.34915165479659066	1118
PP4	F2	CORE	keratinocyte_basal	0.11791001203307051	1118
PP4	F2	CORE	keratinocyte_spinous_suprabasal	-0.14775814484598426	1118
PP4	F2	CORE	keratinocyte_inflammatory_T17	-0.19252542133881764	1118
PP4	F2	CORE	keratinocyte_stress_hypoxia	0.3147444570855846	1118
PP4	F2	CORE	fibroblast_matrix	-0.0993798563250888	1118
PP4	F2	CORE	fibroblast_inflammatory	0.13760250928900214	1118
PP4	F2	CORE	endothelial_vascular	0.5010766554361972	1118
PP4	F2	CORE	myeloid_dendritic	0.48246469694379074	1118
PP4	F2	CORE	T_NK_cytotoxic	0.4682586762869325	1118
PP4	F2	CORE	B_plasma	0.323618876175999	1118
PP4	F2	EXTENDED	keratinocyte_basal	0.0917161292130898	1118
PP4	F2	EXTENDED	keratinocyte_spinous_suprabasal	-0.18457812448882185	1118
PP4	F2	EXTENDED	keratinocyte_inflammatory_T17	-0.23080126615399066	1118
PP4	F2	EXTENDED	keratinocyte_stress_hypoxia	0.29899192680226755	1118
PP4	F2	EXTENDED	fibroblast_matrix	-0.06724748412659644	1118
PP4	F2	EXTENDED	fibroblast_inflammatory	0.1593350977011359	1118
PP4	F2	EXTENDED	endothelial_vascular	0.5223098127187182	1118
PP4	F2	EXTENDED	myeloid_dendritic	0.47881208380328544	1118
PP4	F2	EXTENDED	T_NK_cytotoxic	0.4568004339704254	1118
PP4	F2	EXTENDED	B_plasma	0.3165328357389665	1118
PP4	F6	CORE	keratinocyte_basal	0.5346416154374284	1118
PP4	F6	CORE	keratinocyte_spinous_suprabasal	0.31552318086474646	1118
PP4	F6	CORE	keratinocyte_inflammatory_T17	0.3002329837261796	1118
PP4	F6	CORE	keratinocyte_stress_hypoxia	0.5290087819113116	1118
PP4	F6	CORE	fibroblast_matrix	-0.47601508424654204	1118
PP4	F6	CORE	fibroblast_inflammatory	-0.18658878210859142	1118
PP4	F6	CORE	endothelial_vascular	0.13780601327853081	1118
PP4	F6	CORE	myeloid_dendritic	0.4047984949251775	1118
PP4	F6	CORE	T_NK_cytotoxic	0.4926503007987503	1118
PP4	F6	CORE	B_plasma	0.3390627935592748	1118
PP4	F6	EXTENDED	keratinocyte_basal	0.4920387084256417	1118
PP4	F6	EXTENDED	keratinocyte_spinous_suprabasal	0.21870676580391593	1118
PP4	F6	EXTENDED	keratinocyte_inflammatory_T17	0.1890225755503215	1118
PP4	F6	EXTENDED	keratinocyte_stress_hypoxia	0.5097946319549035	1118
PP4	F6	EXTENDED	fibroblast_matrix	-0.4441721777020438	1118
PP4	F6	EXTENDED	fibroblast_inflammatory	-0.14514307034076954	1118
PP4	F6	EXTENDED	endothelial_vascular	0.2046085367526801	1118
PP4	F6	EXTENDED	myeloid_dendritic	0.4038981373226864	1118
PP4	F6	EXTENDED	T_NK_cytotoxic	0.49173007297303883	1118
PP4	F6	EXTENDED	B_plasma	0.3490690607823359	1118
PP4	F7	CORE	keratinocyte_basal	0.4239373067293272	1118
PP4	F7	CORE	keratinocyte_spinous_suprabasal	0.1532586529635479	1118
PP4	F7	CORE	keratinocyte_inflammatory_T17	0.12443898019847321	1118
PP4	F7	CORE	keratinocyte_stress_hypoxia	0.47532696814110625	1118
PP4	F7	CORE	fibroblast_matrix	-0.40131537290532515	1118
PP4	F7	CORE	fibroblast_inflammatory	-0.10835219803832956	1118
PP4	F7	CORE	endothelial_vascular	0.21804020134790977	1118
PP4	F7	CORE	myeloid_dendritic	0.40707085762035605	1118
PP4	F7	CORE	T_NK_cytotoxic	0.47491497186185655	1118
PP4	F7	CORE	B_plasma	0.35590136839722775	1118
PP4	F7	EXTENDED	keratinocyte_basal	0.45688747269955243	1118
PP4	F7	EXTENDED	keratinocyte_spinous_suprabasal	0.19325658316863017	1118
PP4	F7	EXTENDED	keratinocyte_inflammatory_T17	0.16826728154704912	1118
PP4	F7	EXTENDED	keratinocyte_stress_hypoxia	0.5012619457392501	1118
PP4	F7	EXTENDED	fibroblast_matrix	-0.42667537801545036	1118
PP4	F7	EXTENDED	fibroblast_inflammatory	-0.12228091359232057	1118
PP4	F7	EXTENDED	endothelial_vascular	0.21083325741649803	1118
PP4	F7	EXTENDED	myeloid_dendritic	0.41996207055942797	1118
PP4	F7	EXTENDED	T_NK_cytotoxic	0.49686310887220486	1118
PP4	F7	EXTENDED	B_plasma	0.36036183021583057	1118
